maze_id,seed,height,width,total_cells,open_cell_count,wall_count,wall_density,dead_end_count,dead_end_ratio,branching_point_count,branching_ratio,straight_corridor_count,straight_corridor_ratio,turn_corridor_count,turn_corridor_ratio,shortest_path_length,manhattan_dist,path_detour_factor,bfs_nodes_explored,search_expansion_ratio,complexity_index_search,split,difficulty
MAZE_00001,10000,15,15,225,97,128,0.5689,5,0.0515,4,0.0412,69,0.7113,18,0.1856,64,24,2.6667,95,0.9794,1.8231,train,2
MAZE_00002,10001,15,15,225,97,128,0.5689,3,0.0309,3,0.0309,61,0.6289,28,0.2887,52,24,2.1667,61,0.6289,1.3978,train,1
MAZE_00003,10002,15,15,225,97,128,0.5689,8,0.0825,7,0.0722,68,0.701,13,0.134,64,24,2.6667,93,0.9588,1.8128,train,2
MAZE_00004,10003,15,15,225,97,128,0.5689,8,0.0825,7,0.0722,59,0.6082,22,0.2268,56,24,2.3333,73,0.7526,1.543,train,1
MAZE_00005,10004,15,15,225,97,128,0.5689,4,0.0412,4,0.0412,65,0.6701,22,0.2268,60,24,2.5,95,0.9794,1.7397,train,1
MAZE_00006,10005,15,15,225,97,128,0.5689,7,0.0722,7,0.0722,61,0.6289,20,0.2062,40,24,1.6667,63,0.6495,1.1581,train,0
MAZE_00007,10006,15,15,225,97,128,0.5689,4,0.0412,3,0.0309,67,0.6907,22,0.2268,48,24,2,63,0.6495,1.3247,test,1
MAZE_00008,10007,15,15,225,97,128,0.5689,5,0.0515,4,0.0412,60,0.6186,27,0.2784,44,24,1.8333,59,0.6082,1.2208,test,0
MAZE_00009,10008,15,15,225,97,128,0.5689,3,0.0309,3,0.0309,64,0.6598,25,0.2577,80,24,3.3333,97,1,2.1666,train,2
MAZE_00010,10009,15,15,225,97,128,0.5689,7,0.0722,6,0.0619,62,0.6392,21,0.2165,40,24,1.6667,45,0.4639,1.0653,train,0
MAZE_00011,10010,15,15,225,97,128,0.5689,5,0.0515,5,0.0515,64,0.6598,21,0.2165,76,24,3.1667,97,1,2.0834,train,2
MAZE_00012,10011,15,15,225,97,128,0.5689,6,0.0619,5,0.0515,63,0.6495,22,0.2268,52,24,2.1667,67,0.6907,1.4287,train,1
MAZE_00013,10012,15,15,225,97,128,0.5689,5,0.0515,4,0.0412,67,0.6907,20,0.2062,44,24,1.8333,55,0.567,1.2001,train,0
MAZE_00014,10013,15,15,225,97,128,0.5689,5,0.0515,5,0.0515,61,0.6289,24,0.2474,68,24,2.8333,93,0.9588,1.8961,train,2
MAZE_00015,10014,15,15,225,97,128,0.5689,8,0.0825,7,0.0722,62,0.6392,19,0.1959,32,24,1.3333,49,0.5052,0.9192,train,0
MAZE_00016,10015,15,15,225,97,128,0.5689,5,0.0515,4,0.0412,61,0.6289,26,0.268,32,24,1.3333,41,0.4227,0.878,train,0
MAZE_00017,10016,15,15,225,97,128,0.5689,6,0.0619,6,0.0619,58,0.5979,25,0.2577,76,24,3.1667,97,1,2.0834,train,2
MAZE_00018,10017,15,15,225,97,128,0.5689,4,0.0412,4,0.0412,59,0.6082,28,0.2887,72,24,3,97,1,2,test,2
MAZE_00019,10018,15,15,225,97,128,0.5689,9,0.0928,8,0.0825,60,0.6186,19,0.1959,32,24,1.3333,53,0.5464,0.9398,train,0
MAZE_00020,10019,15,15,225,97,128,0.5689,6,0.0619,5,0.0515,60,0.6186,25,0.2577,44,24,1.8333,85,0.8763,1.3548,train,1
MAZE_00021,10020,15,15,225,97,128,0.5689,4,0.0412,3,0.0309,67,0.6907,22,0.2268,48,24,2,55,0.567,1.2835,train,1
MAZE_00022,10021,15,15,225,97,128,0.5689,6,0.0619,6,0.0619,60,0.6186,23,0.2371,60,24,2.5,97,1,1.75,train,2
MAZE_00023,10022,15,15,225,97,128,0.5689,4,0.0412,4,0.0412,66,0.6804,21,0.2165,56,24,2.3333,61,0.6289,1.4811,train,1
MAZE_00024,10023,15,15,225,97,128,0.5689,6,0.0619,5,0.0515,60,0.6186,25,0.2577,52,24,2.1667,61,0.6289,1.3978,train,1
MAZE_00025,10024,15,15,225,97,128,0.5689,6,0.0619,5,0.0515,60,0.6186,25,0.2577,60,24,2.5,75,0.7732,1.6366,train,1
MAZE_00026,10025,15,15,225,97,128,0.5689,6,0.0619,6,0.0619,60,0.6186,23,0.2371,36,24,1.5,57,0.5876,1.0438,train,0
MAZE_00027,10026,15,15,225,97,128,0.5689,3,0.0309,2,0.0206,66,0.6804,25,0.2577,60,24,2.5,81,0.8351,1.6675,train,1
MAZE_00028,10027,15,15,225,97,128,0.5689,6,0.0619,5,0.0515,64,0.6598,21,0.2165,40,24,1.6667,61,0.6289,1.1478,train,0
MAZE_00029,10028,15,15,225,97,128,0.5689,5,0.0515,4,0.0412,61,0.6289,26,0.268,40,24,1.6667,47,0.4845,1.0756,train,0
MAZE_00030,10029,15,15,225,97,128,0.5689,4,0.0412,4,0.0412,63,0.6495,24,0.2474,48,24,2,75,0.7732,1.3866,train,1
MAZE_00031,10030,15,15,225,97,128,0.5689,5,0.0515,4,0.0412,65,0.6701,22,0.2268,24,24,1,31,0.3196,0.6598,test,0
MAZE_00032,10031,15,15,225,97,128,0.5689,4,0.0412,4,0.0412,63,0.6495,24,0.2474,36,24,1.5,57,0.5876,1.0438,train,0
MAZE_00033,10032,15,15,225,97,128,0.5689,6,0.0619,5,0.0515,66,0.6804,19,0.1959,60,24,2.5,67,0.6907,1.5954,train,1
MAZE_00034,10033,15,15,225,97,128,0.5689,5,0.0515,5,0.0515,69,0.7113,16,0.1649,72,24,3,85,0.8763,1.9382,train,2
MAZE_00035,10034,15,15,225,97,128,0.5689,7,0.0722,7,0.0722,61,0.6289,20,0.2062,36,24,1.5,45,0.4639,0.9819,train,0
MAZE_00036,10035,15,15,225,97,128,0.5689,6,0.0619,5,0.0515,69,0.7113,16,0.1649,60,24,2.5,69,0.7113,1.6057,test,1
MAZE_00037,10036,15,15,225,97,128,0.5689,6,0.0619,6,0.0619,66,0.6804,17,0.1753,52,24,2.1667,67,0.6907,1.4287,train,1
MAZE_00038,10037,15,15,225,97,128,0.5689,6,0.0619,5,0.0515,67,0.6907,18,0.1856,56,24,2.3333,95,0.9794,1.6563,train,1
MAZE_00039,10038,15,15,225,97,128,0.5689,5,0.0515,4,0.0412,63,0.6495,24,0.2474,36,24,1.5,47,0.4845,0.9922,test,0
MAZE_00040,10039,15,15,225,97,128,0.5689,5,0.0515,4,0.0412,65,0.6701,22,0.2268,44,24,1.8333,51,0.5258,1.1795,train,0
MAZE_00041,10040,15,15,225,97,128,0.5689,3,0.0309,2,0.0206,67,0.6907,24,0.2474,32,24,1.3333,41,0.4227,0.878,train,0
MAZE_00042,10041,15,15,225,97,128,0.5689,6,0.0619,5,0.0515,65,0.6701,20,0.2062,44,24,1.8333,55,0.567,1.2001,train,0
MAZE_00043,10042,15,15,225,97,128,0.5689,5,0.0515,4,0.0412,64,0.6598,23,0.2371,36,24,1.5,47,0.4845,0.9922,train,0
MAZE_00044,10043,15,15,225,97,128,0.5689,7,0.0722,6,0.0619,63,0.6495,20,0.2062,36,24,1.5,43,0.4433,0.9717,train,0
MAZE_00045,10044,15,15,225,97,128,0.5689,8,0.0825,7,0.0722,66,0.6804,15,0.1546,36,24,1.5,41,0.4227,0.9614,train,0
MAZE_00046,10045,15,15,225,97,128,0.5689,4,0.0412,3,0.0309,63,0.6495,26,0.268,32,24,1.3333,33,0.3402,0.8367,train,0
MAZE_00047,10046,15,15,225,97,128,0.5689,8,0.0825,7,0.0722,59,0.6082,22,0.2268,44,24,1.8333,65,0.6701,1.2517,train,1
MAZE_00048,10047,15,15,225,97,128,0.5689,6,0.0619,5,0.0515,60,0.6186,25,0.2577,28,24,1.1667,33,0.3402,0.7535,train,0
MAZE_00049,10048,15,15,225,97,128,0.5689,5,0.0515,4,0.0412,58,0.5979,29,0.299,52,24,2.1667,61,0.6289,1.3978,train,1
MAZE_00050,10049,15,15,225,97,128,0.5689,6,0.0619,6,0.0619,66,0.6804,17,0.1753,48,24,2,69,0.7113,1.3557,train,1
MAZE_00051,10050,15,15,225,97,128,0.5689,4,0.0412,3,0.0309,62,0.6392,27,0.2784,32,24,1.3333,45,0.4639,0.8986,train,0
MAZE_00052,10051,15,15,225,97,128,0.5689,5,0.0515,4,0.0412,63,0.6495,24,0.2474,32,24,1.3333,35,0.3608,0.847,test,0
MAZE_00053,10052,15,15,225,97,128,0.5689,6,0.0619,5,0.0515,60,0.6186,25,0.2577,64,24,2.6667,91,0.9381,1.8024,train,2
MAZE_00054,10053,15,15,225,97,128,0.5689,6,0.0619,5,0.0515,60,0.6186,25,0.2577,52,24,2.1667,69,0.7113,1.439,test,1
MAZE_00055,10054,15,15,225,97,128,0.5689,5,0.0515,4,0.0412,64,0.6598,23,0.2371,36,24,1.5,41,0.4227,0.9614,test,0
MAZE_00056,10055,15,15,225,97,128,0.5689,5,0.0515,5,0.0515,62,0.6392,23,0.2371,68,24,2.8333,87,0.8969,1.8651,train,2
MAZE_00057,10056,15,15,225,97,128,0.5689,4,0.0412,3,0.0309,64,0.6598,25,0.2577,68,24,2.8333,87,0.8969,1.8651,train,2
MAZE_00058,10057,15,15,225,97,128,0.5689,4,0.0412,3,0.0309,65,0.6701,24,0.2474,28,24,1.1667,31,0.3196,0.7431,train,0
MAZE_00059,10058,15,15,225,97,128,0.5689,6,0.0619,5,0.0515,64,0.6598,21,0.2165,60,24,2.5,91,0.9381,1.719,train,1
MAZE_00060,10059,15,15,225,97,128,0.5689,6,0.0619,5,0.0515,61,0.6289,24,0.2474,32,24,1.3333,35,0.3608,0.847,train,0
MAZE_00061,10060,15,15,225,97,128,0.5689,7,0.0722,6,0.0619,61,0.6289,22,0.2268,44,24,1.8333,51,0.5258,1.1795,train,0
MAZE_00062,10061,15,15,225,97,128,0.5689,7,0.0722,6,0.0619,57,0.5876,26,0.268,52,24,2.1667,89,0.9175,1.5421,train,1
MAZE_00063,10062,15,15,225,97,128,0.5689,6,0.0619,5,0.0515,65,0.6701,20,0.2062,52,24,2.1667,69,0.7113,1.439,test,1
MAZE_00064,10063,15,15,225,97,128,0.5689,4,0.0412,4,0.0412,64,0.6598,23,0.2371,68,24,2.8333,95,0.9794,1.9063,train,2
MAZE_00065,10064,15,15,225,97,128,0.5689,7,0.0722,6,0.0619,62,0.6392,21,0.2165,36,24,1.5,45,0.4639,0.9819,train,0
MAZE_00066,10065,15,15,225,97,128,0.5689,7,0.0722,6,0.0619,61,0.6289,22,0.2268,44,24,1.8333,51,0.5258,1.1795,train,0
MAZE_00067,10066,15,15,225,97,128,0.5689,4,0.0412,4,0.0412,63,0.6495,24,0.2474,52,24,2.1667,75,0.7732,1.47,train,1
MAZE_00068,10067,15,15,225,97,128,0.5689,5,0.0515,4,0.0412,63,0.6495,24,0.2474,52,24,2.1667,63,0.6495,1.4081,train,1
MAZE_00069,10068,15,15,225,97,128,0.5689,6,0.0619,5,0.0515,64,0.6598,21,0.2165,72,24,3,94,0.9691,1.9846,train,2
MAZE_00070,10069,15,15,225,97,128,0.5689,4,0.0412,4,0.0412,62,0.6392,25,0.2577,48,24,2,75,0.7732,1.3866,train,1
MAZE_00071,10070,15,15,225,97,128,0.5689,5,0.0515,4,0.0412,65,0.6701,22,0.2268,32,24,1.3333,41,0.4227,0.878,train,0
MAZE_00072,10071,15,15,225,97,128,0.5689,6,0.0619,5,0.0515,63,0.6495,22,0.2268,56,24,2.3333,79,0.8144,1.5738,test,1
MAZE_00073,10072,15,15,225,97,128,0.5689,6,0.0619,5,0.0515,63,0.6495,22,0.2268,28,24,1.1667,29,0.299,0.7329,train,0
MAZE_00074,10073,15,15,225,97,128,0.5689,6,0.0619,6,0.0619,58,0.5979,25,0.2577,76,24,3.1667,97,1,2.0834,test,2
MAZE_00075,10074,15,15,225,97,128,0.5689,4,0.0412,3,0.0309,70,0.7216,19,0.1959,76,24,3.1667,83,0.8557,2.0112,train,2
MAZE_00076,10075,15,15,225,97,128,0.5689,5,0.0515,4,0.0412,60,0.6186,27,0.2784,36,24,1.5,41,0.4227,0.9614,train,0
MAZE_00077,10076,15,15,225,97,128,0.5689,8,0.0825,7,0.0722,58,0.5979,23,0.2371,48,24,2,79,0.8144,1.4072,train,1
MAZE_00078,10077,15,15,225,97,128,0.5689,4,0.0412,3,0.0309,63,0.6495,26,0.268,32,24,1.3333,43,0.4433,0.8883,test,0
MAZE_00079,10078,15,15,225,97,128,0.5689,7,0.0722,6,0.0619,62,0.6392,21,0.2165,60,24,2.5,91,0.9381,1.719,train,1
MAZE_00080,10079,15,15,225,97,128,0.5689,6,0.0619,5,0.0515,67,0.6907,18,0.1856,60,24,2.5,77,0.7938,1.6469,train,1
MAZE_00081,10080,15,15,225,97,128,0.5689,4,0.0412,3,0.0309,63,0.6495,26,0.268,40,24,1.6667,61,0.6289,1.1478,train,0
MAZE_00082,10081,15,15,225,97,128,0.5689,5,0.0515,5,0.0515,67,0.6907,18,0.1856,44,24,1.8333,67,0.6907,1.262,train,1
MAZE_00083,10082,15,15,225,97,128,0.5689,5,0.0515,4,0.0412,66,0.6804,21,0.2165,56,24,2.3333,91,0.9381,1.6357,train,1
MAZE_00084,10083,15,15,225,97,128,0.5689,7,0.0722,6,0.0619,65,0.6701,18,0.1856,60,24,2.5,79,0.8144,1.6572,train,1
MAZE_00085,10084,15,15,225,97,128,0.5689,7,0.0722,6,0.0619,63,0.6495,20,0.2062,40,24,1.6667,59,0.6082,1.1375,test,0
MAZE_00086,10085,15,15,225,97,128,0.5689,4,0.0412,4,0.0412,67,0.6907,20,0.2062,44,24,1.8333,85,0.8763,1.3548,train,1
MAZE_00087,10086,15,15,225,97,128,0.5689,6,0.0619,5,0.0515,64,0.6598,21,0.2165,40,24,1.6667,53,0.5464,1.1065,train,0
MAZE_00088,10087,15,15,225,97,128,0.5689,5,0.0515,5,0.0515,67,0.6907,18,0.1856,36,24,1.5,47,0.4845,0.9922,train,0
MAZE_00089,10088,15,15,225,97,128,0.5689,7,0.0722,7,0.0722,56,0.5773,25,0.2577,52,24,2.1667,61,0.6289,1.3978,test,1
MAZE_00090,10089,15,15,225,97,128,0.5689,7,0.0722,6,0.0619,65,0.6701,18,0.1856,60,24,2.5,93,0.9588,1.7294,train,1
MAZE_00091,10090,15,15,225,97,128,0.5689,7,0.0722,6,0.0619,62,0.6392,21,0.2165,72,24,3,89,0.9175,1.9587,train,2
MAZE_00092,10091,15,15,225,97,128,0.5689,5,0.0515,5,0.0515,61,0.6289,24,0.2474,68,24,2.8333,97,1,1.9166,train,2
MAZE_00093,10092,15,15,225,97,128,0.5689,7,0.0722,6,0.0619,64,0.6598,19,0.1959,44,24,1.8333,67,0.6907,1.262,train,1
MAZE_00094,10093,15,15,225,97,128,0.5689,7,0.0722,6,0.0619,61,0.6289,22,0.2268,56,24,2.3333,67,0.6907,1.512,train,1
MAZE_00095,10094,15,15,225,97,128,0.5689,6,0.0619,6,0.0619,65,0.6701,18,0.1856,64,24,2.6667,95,0.9794,1.8231,train,2
MAZE_00096,10095,15,15,225,97,128,0.5689,6,0.0619,6,0.0619,65,0.6701,18,0.1856,68,24,2.8333,85,0.8763,1.8548,test,2
MAZE_00097,10096,15,15,225,97,128,0.5689,6,0.0619,6,0.0619,59,0.6082,24,0.2474,44,24,1.8333,51,0.5258,1.1795,test,0
MAZE_00098,10097,15,15,225,97,128,0.5689,6,0.0619,5,0.0515,62,0.6392,23,0.2371,28,24,1.1667,31,0.3196,0.7431,train,0
MAZE_00099,10098,15,15,225,97,128,0.5689,3,0.0309,3,0.0309,68,0.701,21,0.2165,72,24,3,89,0.9175,1.9587,test,2
MAZE_00100,10099,15,15,225,97,128,0.5689,5,0.0515,5,0.0515,62,0.6392,23,0.2371,48,24,2,61,0.6289,1.3144,train,1
MAZE_00101,10100,15,15,225,97,128,0.5689,4,0.0412,3,0.0309,67,0.6907,22,0.2268,28,24,1.1667,31,0.3196,0.7431,test,0
MAZE_00102,10101,15,15,225,97,128,0.5689,8,0.0825,7,0.0722,58,0.5979,23,0.2371,32,24,1.3333,37,0.3814,0.8573,test,0
MAZE_00103,10102,15,15,225,97,128,0.5689,4,0.0412,4,0.0412,64,0.6598,23,0.2371,36,24,1.5,47,0.4845,0.9922,test,0
MAZE_00104,10103,15,15,225,97,128,0.5689,6,0.0619,5,0.0515,64,0.6598,21,0.2165,52,24,2.1667,73,0.7526,1.4597,train,1
MAZE_00105,10104,15,15,225,97,128,0.5689,5,0.0515,4,0.0412,62,0.6392,25,0.2577,32,24,1.3333,39,0.4021,0.8677,train,0
MAZE_00106,10105,15,15,225,97,128,0.5689,4,0.0412,3,0.0309,61,0.6289,28,0.2887,36,24,1.5,43,0.4433,0.9717,train,0
MAZE_00107,10106,15,15,225,97,128,0.5689,5,0.0515,4,0.0412,68,0.701,19,0.1959,40,24,1.6667,45,0.4639,1.0653,train,0
MAZE_00108,10107,15,15,225,97,128,0.5689,6,0.0619,5,0.0515,66,0.6804,19,0.1959,36,24,1.5,53,0.5464,1.0232,train,0
MAZE_00109,10108,15,15,225,97,128,0.5689,5,0.0515,5,0.0515,62,0.6392,23,0.2371,84,24,3.5,97,1,2.25,train,2
MAZE_00110,10109,15,15,225,97,128,0.5689,2,0.0206,1,0.0103,63,0.6495,30,0.3093,88,24,3.6667,93,0.9588,2.3127,train,2
MAZE_00111,10110,15,15,225,97,128,0.5689,6,0.0619,6,0.0619,60,0.6186,23,0.2371,32,24,1.3333,45,0.4639,0.8986,train,0
MAZE_00112,10111,15,15,225,97,128,0.5689,4,0.0412,4,0.0412,65,0.6701,22,0.2268,72,24,3,97,1,2,train,2
MAZE_00113,10112,15,15,225,97,128,0.5689,5,0.0515,4,0.0412,67,0.6907,20,0.2062,56,24,2.3333,87,0.8969,1.6151,train,1
MAZE_00114,10113,15,15,225,97,128,0.5689,7,0.0722,5,0.0515,58,0.5979,26,0.268,40,24,1.6667,51,0.5258,1.0962,train,0
MAZE_00115,10114,15,15,225,97,128,0.5689,6,0.0619,5,0.0515,62,0.6392,23,0.2371,52,24,2.1667,63,0.6495,1.4081,train,1
MAZE_00116,10115,15,15,225,97,128,0.5689,8,0.0825,8,0.0825,59,0.6082,20,0.2062,36,24,1.5,41,0.4227,0.9614,train,0
MAZE_00117,10116,15,15,225,97,128,0.5689,4,0.0412,4,0.0412,64,0.6598,23,0.2371,76,24,3.1667,95,0.9794,2.0731,train,2
MAZE_00118,10117,15,15,225,97,128,0.5689,8,0.0825,8,0.0825,60,0.6186,19,0.1959,72,24,3,93,0.9588,1.9794,train,2
MAZE_00119,10118,15,15,225,97,128,0.5689,6,0.0619,6,0.0619,61,0.6289,22,0.2268,44,24,1.8333,77,0.7938,1.3135,train,1
MAZE_00120,10119,15,15,225,97,128,0.5689,7,0.0722,5,0.0515,64,0.6598,20,0.2062,40,24,1.6667,51,0.5258,1.0962,train,0
MAZE_00121,10120,15,15,225,97,128,0.5689,6,0.0619,5,0.0515,62,0.6392,23,0.2371,32,24,1.3333,41,0.4227,0.878,test,0
MAZE_00122,10121,15,15,225,97,128,0.5689,7,0.0722,6,0.0619,57,0.5876,26,0.268,80,24,3.3333,95,0.9794,2.1563,train,2
MAZE_00123,10122,15,15,225,97,128,0.5689,7,0.0722,6,0.0619,62,0.6392,21,0.2165,40,24,1.6667,61,0.6289,1.1478,test,0
MAZE_00124,10123,15,15,225,97,128,0.5689,6,0.0619,5,0.0515,70,0.7216,15,0.1546,48,24,2,73,0.7526,1.3763,train,1
MAZE_00125,10124,15,15,225,97,128,0.5689,6,0.0619,5,0.0515,65,0.6701,20,0.2062,36,24,1.5,43,0.4433,0.9717,train,0
MAZE_00126,10125,15,15,225,97,128,0.5689,3,0.0309,3,0.0309,69,0.7113,20,0.2062,48,24,2,85,0.8763,1.4382,test,1
MAZE_00127,10126,15,15,225,97,128,0.5689,4,0.0412,3,0.0309,65,0.6701,24,0.2474,52,24,2.1667,71,0.732,1.4493,train,1
MAZE_00128,10127,15,15,225,97,128,0.5689,4,0.0412,4,0.0412,64,0.6598,23,0.2371,68,24,2.8333,79,0.8144,1.8238,train,2
MAZE_00129,10128,15,15,225,97,128,0.5689,6,0.0619,6,0.0619,58,0.5979,25,0.2577,48,24,2,57,0.5876,1.2938,train,1
MAZE_00130,10129,15,15,225,97,128,0.5689,6,0.0619,5,0.0515,63,0.6495,22,0.2268,60,24,2.5,93,0.9588,1.7294,train,1
MAZE_00131,10130,15,15,225,97,128,0.5689,7,0.0722,6,0.0619,62,0.6392,21,0.2165,24,24,1,31,0.3196,0.6598,train,0
MAZE_00132,10131,15,15,225,97,128,0.5689,5,0.0515,5,0.0515,63,0.6495,22,0.2268,48,24,2,57,0.5876,1.2938,train,1
MAZE_00133,10132,15,15,225,97,128,0.5689,6,0.0619,5,0.0515,64,0.6598,21,0.2165,56,24,2.3333,90,0.9278,1.6305,test,1
MAZE_00134,10133,15,15,225,97,128,0.5689,5,0.0515,4,0.0412,66,0.6804,21,0.2165,36,24,1.5,39,0.4021,0.951,train,0
MAZE_00135,10134,15,15,225,97,128,0.5689,4,0.0412,4,0.0412,64,0.6598,23,0.2371,52,24,2.1667,69,0.7113,1.439,test,1
MAZE_00136,10135,15,15,225,97,128,0.5689,8,0.0825,7,0.0722,59,0.6082,22,0.2268,64,24,2.6667,79,0.8144,1.7406,train,1
MAZE_00137,10136,15,15,225,97,128,0.5689,7,0.0722,6,0.0619,62,0.6392,21,0.2165,40,24,1.6667,51,0.5258,1.0962,train,0
MAZE_00138,10137,15,15,225,97,128,0.5689,4,0.0412,4,0.0412,67,0.6907,20,0.2062,44,24,1.8333,61,0.6289,1.2311,train,0
MAZE_00139,10138,15,15,225,97,128,0.5689,8,0.0825,7,0.0722,60,0.6186,21,0.2165,72,24,3,95,0.9794,1.9897,train,2
MAZE_00140,10139,15,15,225,97,128,0.5689,7,0.0722,6,0.0619,58,0.5979,25,0.2577,40,24,1.6667,45,0.4639,1.0653,test,0
MAZE_00141,10140,15,15,225,97,128,0.5689,6,0.0619,6,0.0619,65,0.6701,18,0.1856,32,24,1.3333,43,0.4433,0.8883,train,0
MAZE_00142,10141,15,15,225,97,128,0.5689,6,0.0619,5,0.0515,62,0.6392,23,0.2371,48,24,2,57,0.5876,1.2938,train,1
MAZE_00143,10142,15,15,225,97,128,0.5689,6,0.0619,5,0.0515,61,0.6289,24,0.2474,40,24,1.6667,51,0.5258,1.0962,train,0
MAZE_00144,10143,15,15,225,97,128,0.5689,6,0.0619,6,0.0619,63,0.6495,20,0.2062,32,24,1.3333,41,0.4227,0.878,train,0
MAZE_00145,10144,15,15,225,97,128,0.5689,5,0.0515,4,0.0412,63,0.6495,24,0.2474,44,24,1.8333,57,0.5876,1.2105,train,0
MAZE_00146,10145,15,15,225,97,128,0.5689,4,0.0412,3,0.0309,63,0.6495,26,0.268,36,24,1.5,39,0.4021,0.951,test,0
MAZE_00147,10146,15,15,225,97,128,0.5689,6,0.0619,6,0.0619,65,0.6701,18,0.1856,72,24,3,97,1,2,train,2
MAZE_00148,10147,15,15,225,97,128,0.5689,5,0.0515,5,0.0515,68,0.701,17,0.1753,36,24,1.5,55,0.567,1.0335,train,0
MAZE_00149,10148,15,15,225,97,128,0.5689,6,0.0619,6,0.0619,58,0.5979,25,0.2577,60,24,2.5,73,0.7526,1.6263,train,1
MAZE_00150,10149,15,15,225,97,128,0.5689,5,0.0515,4,0.0412,59,0.6082,28,0.2887,48,24,2,61,0.6289,1.3144,train,1
MAZE_00151,10150,15,15,225,97,128,0.5689,4,0.0412,3,0.0309,65,0.6701,24,0.2474,60,24,2.5,67,0.6907,1.5954,test,1
MAZE_00152,10151,15,15,225,97,128,0.5689,5,0.0515,5,0.0515,60,0.6186,25,0.2577,32,24,1.3333,41,0.4227,0.878,train,0
MAZE_00153,10152,15,15,225,97,128,0.5689,8,0.0825,7,0.0722,60,0.6186,21,0.2165,40,24,1.6667,59,0.6082,1.1375,test,0
MAZE_00154,10153,15,15,225,97,128,0.5689,5,0.0515,4,0.0412,60,0.6186,27,0.2784,44,24,1.8333,65,0.6701,1.2517,train,1
MAZE_00155,10154,15,15,225,97,128,0.5689,4,0.0412,4,0.0412,62,0.6392,25,0.2577,68,24,2.8333,87,0.8969,1.8651,train,2
MAZE_00156,10155,15,15,225,97,128,0.5689,6,0.0619,6,0.0619,62,0.6392,21,0.2165,44,24,1.8333,63,0.6495,1.2414,train,1
MAZE_00157,10156,15,15,225,97,128,0.5689,5,0.0515,4,0.0412,65,0.6701,22,0.2268,36,24,1.5,55,0.567,1.0335,train,0
MAZE_00158,10157,15,15,225,97,128,0.5689,3,0.0309,2,0.0206,65,0.6701,26,0.268,40,24,1.6667,61,0.6289,1.1478,train,0
MAZE_00159,10158,15,15,225,97,128,0.5689,5,0.0515,4,0.0412,70,0.7216,17,0.1753,48,24,2,63,0.6495,1.3247,train,1
MAZE_00160,10159,15,15,225,97,128,0.5689,5,0.0515,5,0.0515,68,0.701,17,0.1753,68,24,2.8333,96,0.9897,1.9115,train,2
MAZE_00161,10160,15,15,225,97,128,0.5689,3,0.0309,2,0.0206,68,0.701,23,0.2371,36,24,1.5,37,0.3814,0.9407,train,0
MAZE_00162,10161,15,15,225,97,128,0.5689,5,0.0515,5,0.0515,61,0.6289,24,0.2474,36,24,1.5,47,0.4845,0.9922,test,0
MAZE_00163,10162,15,15,225,97,128,0.5689,7,0.0722,6,0.0619,58,0.5979,25,0.2577,56,24,2.3333,91,0.9381,1.6357,train,1
MAZE_00164,10163,15,15,225,97,128,0.5689,4,0.0412,3,0.0309,68,0.701,21,0.2165,40,24,1.6667,49,0.5052,1.0859,test,0
MAZE_00165,10164,15,15,225,97,128,0.5689,3,0.0309,2,0.0206,67,0.6907,24,0.2474,56,24,2.3333,67,0.6907,1.512,test,1
MAZE_00166,10165,15,15,225,97,128,0.5689,6,0.0619,6,0.0619,62,0.6392,21,0.2165,68,24,2.8333,97,1,1.9166,test,2
MAZE_00167,10166,15,15,225,97,128,0.5689,5,0.0515,4,0.0412,61,0.6289,26,0.268,72,24,3,85,0.8763,1.9382,train,2
MAZE_00168,10167,15,15,225,97,128,0.5689,3,0.0309,2,0.0206,69,0.7113,22,0.2268,24,24,1,29,0.299,0.6495,train,0
MAZE_00169,10168,15,15,225,97,128,0.5689,5,0.0515,4,0.0412,66,0.6804,21,0.2165,76,24,3.1667,89,0.9175,2.0421,train,2
MAZE_00170,10169,15,15,225,97,128,0.5689,5,0.0515,5,0.0515,65,0.6701,20,0.2062,72,24,3,97,1,2,train,2
MAZE_00171,10170,15,15,225,97,128,0.5689,4,0.0412,3,0.0309,64,0.6598,25,0.2577,60,24,2.5,63,0.6495,1.5747,train,1
MAZE_00172,10171,15,15,225,97,128,0.5689,7,0.0722,6,0.0619,63,0.6495,20,0.2062,32,24,1.3333,39,0.4021,0.8677,test,0
MAZE_00173,10172,15,15,225,97,128,0.5689,6,0.0619,5,0.0515,61,0.6289,24,0.2474,52,24,2.1667,71,0.732,1.4493,test,1
MAZE_00174,10173,15,15,225,97,128,0.5689,5,0.0515,4,0.0412,68,0.701,19,0.1959,64,24,2.6667,79,0.8144,1.7406,train,1
MAZE_00175,10174,15,15,225,97,128,0.5689,4,0.0412,3,0.0309,73,0.7526,16,0.1649,56,24,2.3333,67,0.6907,1.512,train,1
MAZE_00176,10175,15,15,225,97,128,0.5689,6,0.0619,5,0.0515,65,0.6701,20,0.2062,56,24,2.3333,67,0.6907,1.512,train,1
MAZE_00177,10176,15,15,225,97,128,0.5689,4,0.0412,3,0.0309,65,0.6701,24,0.2474,52,24,2.1667,63,0.6495,1.4081,train,1
MAZE_00178,10177,15,15,225,97,128,0.5689,6,0.0619,5,0.0515,60,0.6186,25,0.2577,28,24,1.1667,33,0.3402,0.7535,test,0
MAZE_00179,10178,15,15,225,97,128,0.5689,3,0.0309,3,0.0309,65,0.6701,24,0.2474,36,24,1.5,49,0.5052,1.0026,test,0
MAZE_00180,10179,15,15,225,97,128,0.5689,7,0.0722,6,0.0619,60,0.6186,23,0.2371,64,24,2.6667,81,0.8351,1.7509,train,2
MAZE_00181,10180,15,15,225,97,128,0.5689,6,0.0619,5,0.0515,68,0.701,17,0.1753,56,24,2.3333,87,0.8969,1.6151,train,1
MAZE_00182,10181,15,15,225,97,128,0.5689,6,0.0619,6,0.0619,63,0.6495,20,0.2062,36,24,1.5,47,0.4845,0.9922,train,0
MAZE_00183,10182,15,15,225,97,128,0.5689,7,0.0722,6,0.0619,65,0.6701,18,0.1856,52,24,2.1667,63,0.6495,1.4081,train,1
MAZE_00184,10183,15,15,225,97,128,0.5689,6,0.0619,5,0.0515,68,0.701,17,0.1753,32,24,1.3333,39,0.4021,0.8677,train,0
MAZE_00185,10184,15,15,225,97,128,0.5689,4,0.0412,3,0.0309,61,0.6289,28,0.2887,68,24,2.8333,89,0.9175,1.8754,train,2
MAZE_00186,10185,15,15,225,97,128,0.5689,6,0.0619,5,0.0515,63,0.6495,22,0.2268,48,24,2,87,0.8969,1.4485,train,1
MAZE_00187,10186,15,15,225,97,128,0.5689,5,0.0515,5,0.0515,65,0.6701,20,0.2062,72,24,3,89,0.9175,1.9587,train,2
MAZE_00188,10187,15,15,225,97,128,0.5689,6,0.0619,6,0.0619,63,0.6495,20,0.2062,36,24,1.5,55,0.567,1.0335,train,0
MAZE_00189,10188,15,15,225,97,128,0.5689,5,0.0515,4,0.0412,59,0.6082,28,0.2887,32,24,1.3333,37,0.3814,0.8573,train,0
MAZE_00190,10189,15,15,225,97,128,0.5689,5,0.0515,5,0.0515,69,0.7113,16,0.1649,32,24,1.3333,49,0.5052,0.9192,test,0
MAZE_00191,10190,15,15,225,97,128,0.5689,6,0.0619,5,0.0515,58,0.5979,27,0.2784,36,24,1.5,41,0.4227,0.9614,train,0
MAZE_00192,10191,15,15,225,97,128,0.5689,6,0.0619,5,0.0515,63,0.6495,22,0.2268,40,24,1.6667,53,0.5464,1.1065,train,0
MAZE_00193,10192,15,15,225,97,128,0.5689,4,0.0412,3,0.0309,66,0.6804,23,0.2371,60,24,2.5,89,0.9175,1.7087,test,1
MAZE_00194,10193,15,15,225,97,128,0.5689,9,0.0928,8,0.0825,63,0.6495,16,0.1649,40,24,1.6667,51,0.5258,1.0962,train,0
MAZE_00195,10194,15,15,225,97,128,0.5689,6,0.0619,5,0.0515,65,0.6701,20,0.2062,36,24,1.5,45,0.4639,0.9819,train,0
MAZE_00196,10195,15,15,225,97,128,0.5689,6,0.0619,5,0.0515,57,0.5876,28,0.2887,72,24,3,95,0.9794,1.9897,train,2
MAZE_00197,10196,15,15,225,97,128,0.5689,4,0.0412,3,0.0309,68,0.701,21,0.2165,64,24,2.6667,89,0.9175,1.7921,train,2
MAZE_00198,10197,15,15,225,97,128,0.5689,6,0.0619,5,0.0515,66,0.6804,19,0.1959,48,24,2,55,0.567,1.2835,train,1
MAZE_00199,10198,15,15,225,97,128,0.5689,6,0.0619,5,0.0515,62,0.6392,23,0.2371,36,24,1.5,49,0.5052,1.0026,train,0
MAZE_00200,10199,15,15,225,97,128,0.5689,6,0.0619,5,0.0515,63,0.6495,22,0.2268,40,24,1.6667,59,0.6082,1.1375,train,0
MAZE_00201,10200,15,15,225,97,128,0.5689,8,0.0825,7,0.0722,60,0.6186,21,0.2165,24,24,1,27,0.2784,0.6392,test,0
MAZE_00202,10201,15,15,225,97,128,0.5689,5,0.0515,4,0.0412,63,0.6495,24,0.2474,40,24,1.6667,57,0.5876,1.1272,train,0
MAZE_00203,10202,15,15,225,97,128,0.5689,3,0.0309,3,0.0309,66,0.6804,23,0.2371,64,24,2.6667,89,0.9175,1.7921,train,2
MAZE_00204,10203,15,15,225,97,128,0.5689,6,0.0619,5,0.0515,71,0.732,14,0.1443,24,24,1,31,0.3196,0.6598,train,0
MAZE_00205,10204,15,15,225,97,128,0.5689,6,0.0619,6,0.0619,58,0.5979,25,0.2577,68,24,2.8333,79,0.8144,1.8238,train,2
MAZE_00206,10205,15,15,225,97,128,0.5689,5,0.0515,4,0.0412,68,0.701,19,0.1959,28,24,1.1667,31,0.3196,0.7431,train,0
MAZE_00207,10206,15,15,225,97,128,0.5689,6,0.0619,5,0.0515,62,0.6392,23,0.2371,64,24,2.6667,71,0.732,1.6993,train,1
MAZE_00208,10207,15,15,225,97,128,0.5689,4,0.0412,3,0.0309,66,0.6804,23,0.2371,48,24,2,67,0.6907,1.3454,train,1
MAZE_00209,10208,15,15,225,97,128,0.5689,5,0.0515,5,0.0515,64,0.6598,21,0.2165,48,24,2,69,0.7113,1.3557,train,1
MAZE_00210,10209,15,15,225,97,128,0.5689,7,0.0722,6,0.0619,65,0.6701,18,0.1856,24,24,1,27,0.2784,0.6392,train,0
MAZE_00211,10210,15,15,225,97,128,0.5689,6,0.0619,5,0.0515,61,0.6289,24,0.2474,52,24,2.1667,77,0.7938,1.4803,train,1
MAZE_00212,10211,15,15,225,97,128,0.5689,5,0.0515,4,0.0412,60,0.6186,27,0.2784,44,24,1.8333,61,0.6289,1.2311,train,0
MAZE_00213,10212,15,15,225,97,128,0.5689,5,0.0515,4,0.0412,66,0.6804,21,0.2165,52,24,2.1667,57,0.5876,1.3772,train,1
MAZE_00214,10213,15,15,225,97,128,0.5689,6,0.0619,5,0.0515,64,0.6598,21,0.2165,56,24,2.3333,63,0.6495,1.4914,train,1
MAZE_00215,10214,15,15,225,97,128,0.5689,5,0.0515,4,0.0412,65,0.6701,22,0.2268,64,24,2.6667,77,0.7938,1.7303,train,1
MAZE_00216,10215,15,15,225,97,128,0.5689,7,0.0722,6,0.0619,68,0.701,15,0.1546,44,24,1.8333,69,0.7113,1.2723,test,1
MAZE_00217,10216,15,15,225,97,128,0.5689,6,0.0619,6,0.0619,60,0.6186,23,0.2371,68,24,2.8333,89,0.9175,1.8754,train,2
MAZE_00218,10217,15,15,225,97,128,0.5689,5,0.0515,4,0.0412,62,0.6392,25,0.2577,36,24,1.5,45,0.4639,0.9819,train,0
MAZE_00219,10218,15,15,225,97,128,0.5689,7,0.0722,5,0.0515,62,0.6392,22,0.2268,40,24,1.6667,59,0.6082,1.1375,train,0
MAZE_00220,10219,15,15,225,97,128,0.5689,6,0.0619,5,0.0515,59,0.6082,26,0.268,68,24,2.8333,91,0.9381,1.8857,train,2
MAZE_00221,10220,15,15,225,97,128,0.5689,5,0.0515,4,0.0412,67,0.6907,20,0.2062,64,24,2.6667,89,0.9175,1.7921,train,2
MAZE_00222,10221,15,15,225,97,128,0.5689,7,0.0722,6,0.0619,62,0.6392,21,0.2165,44,24,1.8333,53,0.5464,1.1898,test,0
MAZE_00223,10222,15,15,225,97,128,0.5689,7,0.0722,7,0.0722,63,0.6495,18,0.1856,32,24,1.3333,47,0.4845,0.9089,train,0
MAZE_00224,10223,15,15,225,97,128,0.5689,3,0.0309,2,0.0206,63,0.6495,28,0.2887,44,24,1.8333,47,0.4845,1.1589,train,0
MAZE_00225,10224,15,15,225,97,128,0.5689,4,0.0412,3,0.0309,71,0.732,18,0.1856,48,24,2,51,0.5258,1.2629,train,1
MAZE_00226,10225,15,15,225,97,128,0.5689,5,0.0515,4,0.0412,65,0.6701,22,0.2268,32,24,1.3333,35,0.3608,0.847,train,0
MAZE_00227,10226,15,15,225,97,128,0.5689,7,0.0722,6,0.0619,63,0.6495,20,0.2062,64,24,2.6667,89,0.9175,1.7921,train,2
MAZE_00228,10227,15,15,225,97,128,0.5689,4,0.0412,3,0.0309,65,0.6701,24,0.2474,64,24,2.6667,81,0.8351,1.7509,train,2
MAZE_00229,10228,15,15,225,97,128,0.5689,6,0.0619,6,0.0619,62,0.6392,21,0.2165,48,24,2,55,0.567,1.2835,train,1
MAZE_00230,10229,15,15,225,97,128,0.5689,6,0.0619,6,0.0619,62,0.6392,21,0.2165,56,24,2.3333,79,0.8144,1.5738,test,1
MAZE_00231,10230,15,15,225,97,128,0.5689,5,0.0515,5,0.0515,64,0.6598,21,0.2165,28,24,1.1667,39,0.4021,0.7844,train,0
MAZE_00232,10231,15,15,225,97,128,0.5689,7,0.0722,6,0.0619,63,0.6495,20,0.2062,72,24,3,89,0.9175,1.9587,train,2
MAZE_00233,10232,15,15,225,97,128,0.5689,4,0.0412,4,0.0412,63,0.6495,24,0.2474,84,24,3.5,97,1,2.25,test,2
MAZE_00234,10233,15,15,225,97,128,0.5689,4,0.0412,3,0.0309,67,0.6907,22,0.2268,48,24,2,59,0.6082,1.3041,train,1
MAZE_00235,10234,15,15,225,97,128,0.5689,4,0.0412,3,0.0309,63,0.6495,26,0.268,32,24,1.3333,37,0.3814,0.8573,train,0
MAZE_00236,10235,15,15,225,97,128,0.5689,5,0.0515,4,0.0412,62,0.6392,25,0.2577,60,24,2.5,89,0.9175,1.7087,test,1
MAZE_00237,10236,15,15,225,97,128,0.5689,5,0.0515,4,0.0412,65,0.6701,22,0.2268,44,24,1.8333,51,0.5258,1.1795,train,0
MAZE_00238,10237,15,15,225,97,128,0.5689,6,0.0619,6,0.0619,64,0.6598,19,0.1959,64,24,2.6667,75,0.7732,1.72,train,1
MAZE_00239,10238,15,15,225,97,128,0.5689,4,0.0412,3,0.0309,74,0.7629,15,0.1546,24,24,1,27,0.2784,0.6392,train,0
MAZE_00240,10239,15,15,225,97,128,0.5689,4,0.0412,3,0.0309,63,0.6495,26,0.268,68,24,2.8333,81,0.8351,1.8342,train,2
MAZE_00241,10240,15,15,225,97,128,0.5689,6,0.0619,5,0.0515,63,0.6495,22,0.2268,44,24,1.8333,53,0.5464,1.1898,train,0
MAZE_00242,10241,15,15,225,97,128,0.5689,4,0.0412,4,0.0412,63,0.6495,24,0.2474,64,24,2.6667,77,0.7938,1.7303,train,1
MAZE_00243,10242,15,15,225,97,128,0.5689,5,0.0515,4,0.0412,67,0.6907,20,0.2062,24,24,1,29,0.299,0.6495,train,0
MAZE_00244,10243,15,15,225,97,128,0.5689,6,0.0619,5,0.0515,62,0.6392,23,0.2371,68,24,2.8333,87,0.8969,1.8651,train,2
MAZE_00245,10244,15,15,225,97,128,0.5689,7,0.0722,6,0.0619,63,0.6495,20,0.2062,40,24,1.6667,53,0.5464,1.1065,train,0
MAZE_00246,10245,15,15,225,97,128,0.5689,4,0.0412,3,0.0309,61,0.6289,28,0.2887,44,24,1.8333,51,0.5258,1.1795,train,0
MAZE_00247,10246,15,15,225,97,128,0.5689,7,0.0722,6,0.0619,66,0.6804,17,0.1753,44,24,1.8333,63,0.6495,1.2414,test,1
MAZE_00248,10247,15,15,225,97,128,0.5689,4,0.0412,4,0.0412,64,0.6598,23,0.2371,40,24,1.6667,57,0.5876,1.1272,test,0
MAZE_00249,10248,15,15,225,97,128,0.5689,5,0.0515,4,0.0412,59,0.6082,28,0.2887,28,24,1.1667,35,0.3608,0.7638,train,0
MAZE_00250,10249,15,15,225,97,128,0.5689,6,0.0619,5,0.0515,63,0.6495,22,0.2268,72,24,3,95,0.9794,1.9897,train,2
MAZE_00251,10250,15,15,225,97,128,0.5689,5,0.0515,4,0.0412,66,0.6804,21,0.2165,36,24,1.5,47,0.4845,0.9922,train,0
MAZE_00252,10251,15,15,225,97,128,0.5689,5,0.0515,4,0.0412,65,0.6701,22,0.2268,32,24,1.3333,33,0.3402,0.8367,train,0
MAZE_00253,10252,15,15,225,97,128,0.5689,8,0.0825,7,0.0722,64,0.6598,17,0.1753,64,24,2.6667,87,0.8969,1.7818,test,2
MAZE_00254,10253,15,15,225,97,128,0.5689,7,0.0722,7,0.0722,63,0.6495,18,0.1856,60,24,2.5,89,0.9175,1.7087,train,1
MAZE_00255,10254,15,15,225,97,128,0.5689,4,0.0412,4,0.0412,63,0.6495,24,0.2474,48,24,2,73,0.7526,1.3763,train,1
MAZE_00256,10255,15,15,225,97,128,0.5689,3,0.0309,3,0.0309,68,0.701,21,0.2165,76,24,3.1667,97,1,2.0834,train,2
MAZE_00257,10256,15,15,225,97,128,0.5689,5,0.0515,4,0.0412,62,0.6392,25,0.2577,48,24,2,65,0.6701,1.3351,train,1
MAZE_00258,10257,15,15,225,97,128,0.5689,3,0.0309,3,0.0309,73,0.7526,16,0.1649,52,24,2.1667,77,0.7938,1.4803,test,1
MAZE_00259,10258,15,15,225,97,128,0.5689,6,0.0619,5,0.0515,61,0.6289,24,0.2474,80,24,3.3333,93,0.9588,2.146,train,2
MAZE_00260,10259,15,15,225,97,128,0.5689,6,0.0619,5,0.0515,63,0.6495,22,0.2268,40,24,1.6667,47,0.4845,1.0756,test,0
MAZE_00261,10260,15,15,225,97,128,0.5689,5,0.0515,4,0.0412,61,0.6289,25,0.2577,32,24,1.3333,49,0.5052,0.9192,train,0
MAZE_00262,10261,15,15,225,97,128,0.5689,7,0.0722,6,0.0619,58,0.5979,25,0.2577,36,24,1.5,59,0.6082,1.0541,train,0
MAZE_00263,10262,15,15,225,97,128,0.5689,2,0.0206,1,0.0103,68,0.701,25,0.2577,52,24,2.1667,73,0.7526,1.4597,train,1
MAZE_00264,10263,15,15,225,97,128,0.5689,5,0.0515,4,0.0412,66,0.6804,21,0.2165,80,24,3.3333,87,0.8969,2.1151,train,2
MAZE_00265,10264,15,15,225,97,128,0.5689,6,0.0619,5,0.0515,62,0.6392,23,0.2371,32,24,1.3333,43,0.4433,0.8883,train,0
MAZE_00266,10265,15,15,225,97,128,0.5689,6,0.0619,6,0.0619,60,0.6186,23,0.2371,68,24,2.8333,89,0.9175,1.8754,train,2
MAZE_00267,10266,15,15,225,97,128,0.5689,3,0.0309,2,0.0206,69,0.7113,22,0.2268,36,24,1.5,41,0.4227,0.9614,test,0
MAZE_00268,10267,15,15,225,97,128,0.5689,5,0.0515,4,0.0412,65,0.6701,22,0.2268,40,24,1.6667,45,0.4639,1.0653,train,0
MAZE_00269,10268,15,15,225,97,128,0.5689,5,0.0515,4,0.0412,70,0.7216,17,0.1753,32,24,1.3333,41,0.4227,0.878,train,0
MAZE_00270,10269,15,15,225,97,128,0.5689,6,0.0619,5,0.0515,63,0.6495,22,0.2268,32,24,1.3333,43,0.4433,0.8883,train,0
MAZE_00271,10270,15,15,225,97,128,0.5689,3,0.0309,3,0.0309,66,0.6804,23,0.2371,72,24,3,77,0.7938,1.8969,test,2
MAZE_00272,10271,15,15,225,97,128,0.5689,4,0.0412,3,0.0309,67,0.6907,22,0.2268,60,24,2.5,83,0.8557,1.6779,train,1
MAZE_00273,10272,15,15,225,97,128,0.5689,6,0.0619,5,0.0515,63,0.6495,22,0.2268,40,24,1.6667,45,0.4639,1.0653,train,0
MAZE_00274,10273,15,15,225,97,128,0.5689,7,0.0722,7,0.0722,63,0.6495,18,0.1856,32,24,1.3333,53,0.5464,0.9398,train,0
MAZE_00275,10274,15,15,225,97,128,0.5689,4,0.0412,3,0.0309,65,0.6701,24,0.2474,52,24,2.1667,61,0.6289,1.3978,train,1
MAZE_00276,10275,15,15,225,97,128,0.5689,4,0.0412,3,0.0309,69,0.7113,20,0.2062,44,24,1.8333,51,0.5258,1.1795,train,0
MAZE_00277,10276,15,15,225,97,128,0.5689,6,0.0619,5,0.0515,65,0.6701,20,0.2062,32,24,1.3333,45,0.4639,0.8986,train,0
MAZE_00278,10277,15,15,225,97,128,0.5689,4,0.0412,3,0.0309,64,0.6598,25,0.2577,32,24,1.3333,35,0.3608,0.847,test,0
MAZE_00279,10278,15,15,225,97,128,0.5689,6,0.0619,6,0.0619,59,0.6082,24,0.2474,40,24,1.6667,49,0.5052,1.0859,train,0
MAZE_00280,10279,15,15,225,97,128,0.5689,4,0.0412,4,0.0412,67,0.6907,20,0.2062,68,24,2.8333,89,0.9175,1.8754,train,2
MAZE_00281,10280,15,15,225,97,128,0.5689,6,0.0619,5,0.0515,68,0.701,17,0.1753,28,24,1.1667,33,0.3402,0.7535,train,0
MAZE_00282,10281,15,15,225,97,128,0.5689,6,0.0619,5,0.0515,65,0.6701,20,0.2062,64,24,2.6667,93,0.9588,1.8128,test,2
MAZE_00283,10282,15,15,225,97,128,0.5689,4,0.0412,3,0.0309,68,0.701,21,0.2165,80,24,3.3333,91,0.9381,2.1357,train,2
MAZE_00284,10283,15,15,225,97,128,0.5689,4,0.0412,3,0.0309,65,0.6701,24,0.2474,80,24,3.3333,91,0.9381,2.1357,train,2
MAZE_00285,10284,15,15,225,97,128,0.5689,5,0.0515,5,0.0515,69,0.7113,16,0.1649,48,24,2,61,0.6289,1.3144,train,1
MAZE_00286,10285,15,15,225,97,128,0.5689,6,0.0619,5,0.0515,71,0.732,14,0.1443,68,24,2.8333,77,0.7938,1.8135,train,2
MAZE_00287,10286,15,15,225,97,128,0.5689,4,0.0412,3,0.0309,62,0.6392,27,0.2784,68,24,2.8333,87,0.8969,1.8651,train,2
MAZE_00288,10287,15,15,225,97,128,0.5689,6,0.0619,5,0.0515,67,0.6907,18,0.1856,48,24,2,63,0.6495,1.3247,train,1
MAZE_00289,10288,15,15,225,97,128,0.5689,5,0.0515,4,0.0412,68,0.701,19,0.1959,76,24,3.1667,95,0.9794,2.0731,train,2
MAZE_00290,10289,15,15,225,97,128,0.5689,6,0.0619,5,0.0515,66,0.6804,19,0.1959,36,24,1.5,49,0.5052,1.0026,train,0
MAZE_00291,10290,15,15,225,97,128,0.5689,5,0.0515,5,0.0515,58,0.5979,27,0.2784,60,24,2.5,77,0.7938,1.6469,train,1
MAZE_00292,10291,15,15,225,97,128,0.5689,5,0.0515,5,0.0515,65,0.6701,20,0.2062,60,24,2.5,87,0.8969,1.6985,train,1
MAZE_00293,10292,15,15,225,97,128,0.5689,7,0.0722,6,0.0619,61,0.6289,22,0.2268,36,24,1.5,53,0.5464,1.0232,train,0
MAZE_00294,10293,15,15,225,97,128,0.5689,8,0.0825,7,0.0722,64,0.6598,17,0.1753,32,24,1.3333,39,0.4021,0.8677,train,0
MAZE_00295,10294,15,15,225,97,128,0.5689,7,0.0722,6,0.0619,57,0.5876,26,0.268,72,24,3,95,0.9794,1.9897,train,2
MAZE_00296,10295,15,15,225,97,128,0.5689,6,0.0619,5,0.0515,64,0.6598,21,0.2165,32,24,1.3333,41,0.4227,0.878,train,0
MAZE_00297,10296,15,15,225,97,128,0.5689,4,0.0412,3,0.0309,73,0.7526,16,0.1649,24,24,1,25,0.2577,0.6289,train,0
MAZE_00298,10297,15,15,225,97,128,0.5689,6,0.0619,5,0.0515,60,0.6186,25,0.2577,68,24,2.8333,81,0.8351,1.8342,train,2
MAZE_00299,10298,15,15,225,97,128,0.5689,7,0.0722,7,0.0722,60,0.6186,21,0.2165,64,24,2.6667,93,0.9588,1.8128,train,2
MAZE_00300,10299,15,15,225,97,128,0.5689,7,0.0722,7,0.0722,61,0.6289,20,0.2062,32,24,1.3333,47,0.4845,0.9089,train,0
MAZE_00301,10300,15,15,225,97,128,0.5689,5,0.0515,5,0.0515,69,0.7113,16,0.1649,44,24,1.8333,57,0.5876,1.2105,train,0
MAZE_00302,10301,15,15,225,97,128,0.5689,4,0.0412,4,0.0412,65,0.6701,22,0.2268,44,24,1.8333,51,0.5258,1.1795,train,0
MAZE_00303,10302,15,15,225,97,128,0.5689,4,0.0412,3,0.0309,65,0.6701,24,0.2474,32,24,1.3333,35,0.3608,0.847,train,0
MAZE_00304,10303,15,15,225,97,128,0.5689,6,0.0619,5,0.0515,66,0.6804,19,0.1959,60,24,2.5,73,0.7526,1.6263,train,1
MAZE_00305,10304,15,15,225,97,128,0.5689,6,0.0619,5,0.0515,68,0.701,17,0.1753,56,24,2.3333,81,0.8351,1.5842,test,1
MAZE_00306,10305,15,15,225,97,128,0.5689,7,0.0722,6,0.0619,62,0.6392,21,0.2165,52,24,2.1667,59,0.6082,1.3875,test,1
MAZE_00307,10306,15,15,225,97,128,0.5689,7,0.0722,7,0.0722,63,0.6495,18,0.1856,60,24,2.5,93,0.9588,1.7294,train,1
MAZE_00308,10307,15,15,225,97,128,0.5689,5,0.0515,5,0.0515,58,0.5979,27,0.2784,32,24,1.3333,49,0.5052,0.9192,train,0
MAZE_00309,10308,15,15,225,97,128,0.5689,3,0.0309,2,0.0206,66,0.6804,25,0.2577,40,24,1.6667,61,0.6289,1.1478,train,0
MAZE_00310,10309,15,15,225,97,128,0.5689,6,0.0619,6,0.0619,66,0.6804,17,0.1753,44,24,1.8333,55,0.567,1.2001,test,0
MAZE_00311,10310,15,15,225,97,128,0.5689,4,0.0412,4,0.0412,60,0.6186,27,0.2784,40,24,1.6667,47,0.4845,1.0756,test,0
MAZE_00312,10311,15,15,225,97,128,0.5689,7,0.0722,6,0.0619,61,0.6289,22,0.2268,44,24,1.8333,53,0.5464,1.1898,test,0
MAZE_00313,10312,15,15,225,97,128,0.5689,7,0.0722,6,0.0619,60,0.6186,23,0.2371,48,24,2,65,0.6701,1.3351,train,1
MAZE_00314,10313,15,15,225,97,128,0.5689,5,0.0515,4,0.0412,61,0.6289,26,0.268,52,24,2.1667,57,0.5876,1.3772,train,1
MAZE_00315,10314,15,15,225,97,128,0.5689,5,0.0515,4,0.0412,62,0.6392,25,0.2577,44,24,1.8333,65,0.6701,1.2517,train,1
MAZE_00316,10315,15,15,225,97,128,0.5689,5,0.0515,4,0.0412,60,0.6186,27,0.2784,44,24,1.8333,57,0.5876,1.2105,train,0
MAZE_00317,10316,15,15,225,97,128,0.5689,4,0.0412,4,0.0412,61,0.6289,26,0.268,76,24,3.1667,91,0.9381,2.0524,train,2
MAZE_00318,10317,15,15,225,97,128,0.5689,5,0.0515,3,0.0309,66,0.6804,22,0.2268,60,24,2.5,79,0.8144,1.6572,test,1
MAZE_00319,10318,15,15,225,97,128,0.5689,5,0.0515,4,0.0412,63,0.6495,24,0.2474,28,24,1.1667,33,0.3402,0.7535,train,0
MAZE_00320,10319,15,15,225,97,128,0.5689,7,0.0722,6,0.0619,65,0.6701,18,0.1856,44,24,1.8333,73,0.7526,1.293,train,1
MAZE_00321,10320,15,15,225,97,128,0.5689,5,0.0515,4,0.0412,61,0.6289,26,0.268,80,24,3.3333,95,0.9794,2.1563,train,2
MAZE_00322,10321,15,15,225,97,128,0.5689,6,0.0619,5,0.0515,63,0.6495,22,0.2268,64,24,2.6667,85,0.8763,1.7715,train,2
MAZE_00323,10322,15,15,225,97,128,0.5689,4,0.0412,3,0.0309,62,0.6392,27,0.2784,48,24,2,55,0.567,1.2835,train,1
MAZE_00324,10323,15,15,225,97,128,0.5689,5,0.0515,4,0.0412,68,0.701,19,0.1959,44,24,1.8333,53,0.5464,1.1898,train,0
MAZE_00325,10324,15,15,225,97,128,0.5689,5,0.0515,4,0.0412,66,0.6804,21,0.2165,52,24,2.1667,73,0.7526,1.4597,train,1
MAZE_00326,10325,15,15,225,97,128,0.5689,5,0.0515,4,0.0412,70,0.7216,17,0.1753,24,24,1,29,0.299,0.6495,train,0
MAZE_00327,10326,15,15,225,97,128,0.5689,7,0.0722,6,0.0619,65,0.6701,18,0.1856,60,24,2.5,89,0.9175,1.7087,train,1
MAZE_00328,10327,15,15,225,97,128,0.5689,8,0.0825,7,0.0722,66,0.6804,15,0.1546,68,24,2.8333,91,0.9381,1.8857,train,2
MAZE_00329,10328,15,15,225,97,128,0.5689,4,0.0412,3,0.0309,63,0.6495,26,0.268,44,24,1.8333,49,0.5052,1.1692,test,0
MAZE_00330,10329,15,15,225,97,128,0.5689,5,0.0515,4,0.0412,70,0.7216,17,0.1753,64,24,2.6667,95,0.9794,1.8231,train,2
MAZE_00331,10330,15,15,225,97,128,0.5689,4,0.0412,3,0.0309,73,0.7526,16,0.1649,40,24,1.6667,47,0.4845,1.0756,train,0
MAZE_00332,10331,15,15,225,97,128,0.5689,5,0.0515,4,0.0412,62,0.6392,25,0.2577,48,24,2,55,0.567,1.2835,train,1
MAZE_00333,10332,15,15,225,97,128,0.5689,5,0.0515,4,0.0412,65,0.6701,22,0.2268,32,24,1.3333,37,0.3814,0.8573,train,0
MAZE_00334,10333,15,15,225,97,128,0.5689,5,0.0515,4,0.0412,69,0.7113,18,0.1856,32,24,1.3333,37,0.3814,0.8573,train,0
MAZE_00335,10334,15,15,225,97,128,0.5689,6,0.0619,5,0.0515,63,0.6495,22,0.2268,48,24,2,61,0.6289,1.3144,train,1
MAZE_00336,10335,15,15,225,97,128,0.5689,4,0.0412,4,0.0412,62,0.6392,25,0.2577,48,24,2,67,0.6907,1.3454,train,1
MAZE_00337,10336,15,15,225,97,128,0.5689,5,0.0515,4,0.0412,61,0.6289,26,0.268,36,24,1.5,39,0.4021,0.951,train,0
MAZE_00338,10337,15,15,225,97,128,0.5689,6,0.0619,5,0.0515,64,0.6598,21,0.2165,48,24,2,59,0.6082,1.3041,train,1
MAZE_00339,10338,15,15,225,97,128,0.5689,5,0.0515,4,0.0412,60,0.6186,27,0.2784,32,24,1.3333,47,0.4845,0.9089,test,0
MAZE_00340,10339,15,15,225,97,128,0.5689,8,0.0825,7,0.0722,58,0.5979,23,0.2371,64,24,2.6667,91,0.9381,1.8024,train,2
MAZE_00341,10340,15,15,225,97,128,0.5689,6,0.0619,6,0.0619,58,0.5979,25,0.2577,40,24,1.6667,45,0.4639,1.0653,test,0
MAZE_00342,10341,15,15,225,97,128,0.5689,6,0.0619,5,0.0515,65,0.6701,20,0.2062,32,24,1.3333,35,0.3608,0.847,train,0
MAZE_00343,10342,15,15,225,97,128,0.5689,7,0.0722,6,0.0619,65,0.6701,18,0.1856,32,24,1.3333,39,0.4021,0.8677,train,0
MAZE_00344,10343,15,15,225,97,128,0.5689,3,0.0309,3,0.0309,70,0.7216,19,0.1959,72,24,3,97,1,2,train,2
MAZE_00345,10344,15,15,225,97,128,0.5689,5,0.0515,5,0.0515,61,0.6289,24,0.2474,32,24,1.3333,35,0.3608,0.847,test,0
MAZE_00346,10345,15,15,225,97,128,0.5689,6,0.0619,6,0.0619,64,0.6598,19,0.1959,36,24,1.5,53,0.5464,1.0232,train,0
MAZE_00347,10346,15,15,225,97,128,0.5689,3,0.0309,3,0.0309,68,0.701,21,0.2165,68,24,2.8333,97,1,1.9166,test,2
MAZE_00348,10347,15,15,225,97,128,0.5689,5,0.0515,4,0.0412,63,0.6495,24,0.2474,28,24,1.1667,37,0.3814,0.7741,train,0
MAZE_00349,10348,15,15,225,97,128,0.5689,6,0.0619,5,0.0515,69,0.7113,16,0.1649,48,24,2,75,0.7732,1.3866,test,1
MAZE_00350,10349,15,15,225,97,128,0.5689,5,0.0515,4,0.0412,64,0.6598,23,0.2371,28,24,1.1667,31,0.3196,0.7431,train,0
MAZE_00351,10350,15,15,225,97,128,0.5689,4,0.0412,3,0.0309,66,0.6804,23,0.2371,48,24,2,53,0.5464,1.2732,test,1
MAZE_00352,10351,15,15,225,97,128,0.5689,6,0.0619,5,0.0515,63,0.6495,22,0.2268,40,24,1.6667,47,0.4845,1.0756,train,0
MAZE_00353,10352,15,15,225,97,128,0.5689,6,0.0619,5,0.0515,63,0.6495,22,0.2268,40,24,1.6667,47,0.4845,1.0756,train,0
MAZE_00354,10353,15,15,225,97,128,0.5689,6,0.0619,6,0.0619,62,0.6392,21,0.2165,32,24,1.3333,45,0.4639,0.8986,train,0
MAZE_00355,10354,15,15,225,97,128,0.5689,5,0.0515,4,0.0412,66,0.6804,21,0.2165,56,24,2.3333,69,0.7113,1.5223,train,1
MAZE_00356,10355,15,15,225,97,128,0.5689,5,0.0515,4,0.0412,58,0.5979,29,0.299,52,24,2.1667,59,0.6082,1.3875,train,1
MAZE_00357,10356,15,15,225,97,128,0.5689,7,0.0722,6,0.0619,61,0.6289,21,0.2165,40,24,1.6667,55,0.567,1.1168,train,0
MAZE_00358,10357,15,15,225,97,128,0.5689,5,0.0515,4,0.0412,69,0.7113,18,0.1856,52,24,2.1667,81,0.8351,1.5009,train,1
MAZE_00359,10358,15,15,225,97,128,0.5689,4,0.0412,4,0.0412,61,0.6289,26,0.268,44,24,1.8333,57,0.5876,1.2105,train,0
MAZE_00360,10359,15,15,225,97,128,0.5689,4,0.0412,3,0.0309,61,0.6289,28,0.2887,36,24,1.5,41,0.4227,0.9614,train,0
MAZE_00361,10360,15,15,225,97,128,0.5689,5,0.0515,4,0.0412,66,0.6804,21,0.2165,48,24,2,55,0.567,1.2835,train,1
MAZE_00362,10361,15,15,225,97,128,0.5689,6,0.0619,5,0.0515,61,0.6289,24,0.2474,68,24,2.8333,93,0.9588,1.8961,train,2
MAZE_00363,10362,15,15,225,97,128,0.5689,4,0.0412,4,0.0412,61,0.6289,26,0.268,56,24,2.3333,81,0.8351,1.5842,train,1
MAZE_00364,10363,15,15,225,97,128,0.5689,7,0.0722,5,0.0515,65,0.6701,19,0.1959,32,24,1.3333,35,0.3608,0.847,train,0
MAZE_00365,10364,15,15,225,97,128,0.5689,4,0.0412,3,0.0309,62,0.6392,27,0.2784,28,24,1.1667,33,0.3402,0.7535,train,0
MAZE_00366,10365,15,15,225,97,128,0.5689,5,0.0515,5,0.0515,64,0.6598,21,0.2165,56,24,2.3333,75,0.7732,1.5533,train,1
MAZE_00367,10366,15,15,225,97,128,0.5689,5,0.0515,4,0.0412,63,0.6495,24,0.2474,44,24,1.8333,45,0.4639,1.1486,test,0
MAZE_00368,10367,15,15,225,97,128,0.5689,5,0.0515,5,0.0515,69,0.7113,16,0.1649,36,24,1.5,55,0.567,1.0335,train,0
MAZE_00369,10368,15,15,225,97,128,0.5689,6,0.0619,6,0.0619,63,0.6495,20,0.2062,52,24,2.1667,69,0.7113,1.439,train,1
MAZE_00370,10369,15,15,225,97,128,0.5689,8,0.0825,7,0.0722,60,0.6186,21,0.2165,52,24,2.1667,85,0.8763,1.5215,train,1
MAZE_00371,10370,15,15,225,97,128,0.5689,3,0.0309,3,0.0309,65,0.6701,24,0.2474,68,24,2.8333,85,0.8763,1.8548,train,2
MAZE_00372,10371,15,15,225,97,128,0.5689,4,0.0412,3,0.0309,64,0.6598,25,0.2577,80,24,3.3333,93,0.9588,2.146,test,2
MAZE_00373,10372,15,15,225,97,128,0.5689,7,0.0722,6,0.0619,61,0.6289,22,0.2268,48,24,2,67,0.6907,1.3454,train,1
MAZE_00374,10373,15,15,225,97,128,0.5689,3,0.0309,3,0.0309,71,0.732,18,0.1856,48,24,2,65,0.6701,1.3351,train,1
MAZE_00375,10374,15,15,225,97,128,0.5689,4,0.0412,4,0.0412,64,0.6598,23,0.2371,52,24,2.1667,69,0.7113,1.439,train,1
MAZE_00376,10375,15,15,225,97,128,0.5689,9,0.0928,8,0.0825,61,0.6289,18,0.1856,40,24,1.6667,53,0.5464,1.1065,train,0
MAZE_00377,10376,15,15,225,97,128,0.5689,5,0.0515,4,0.0412,63,0.6495,24,0.2474,68,24,2.8333,95,0.9794,1.9063,train,2
MAZE_00378,10377,15,15,225,97,128,0.5689,5,0.0515,5,0.0515,70,0.7216,15,0.1546,32,24,1.3333,37,0.3814,0.8573,train,0
MAZE_00379,10378,15,15,225,97,128,0.5689,6,0.0619,5,0.0515,62,0.6392,23,0.2371,64,24,2.6667,95,0.9794,1.8231,test,2
MAZE_00380,10379,15,15,225,97,128,0.5689,4,0.0412,3,0.0309,71,0.732,18,0.1856,68,24,2.8333,87,0.8969,1.8651,train,2
MAZE_00381,10380,15,15,225,97,128,0.5689,5,0.0515,5,0.0515,60,0.6186,25,0.2577,64,24,2.6667,89,0.9175,1.7921,test,2
MAZE_00382,10381,15,15,225,97,128,0.5689,6,0.0619,5,0.0515,63,0.6495,22,0.2268,64,24,2.6667,83,0.8557,1.7612,train,2
MAZE_00383,10382,15,15,225,97,128,0.5689,5,0.0515,5,0.0515,63,0.6495,22,0.2268,84,24,3.5,97,1,2.25,train,2
MAZE_00384,10383,15,15,225,97,128,0.5689,6,0.0619,6,0.0619,61,0.6289,22,0.2268,72,24,3,95,0.9794,1.9897,train,2
MAZE_00385,10384,15,15,225,97,128,0.5689,5,0.0515,4,0.0412,67,0.6907,20,0.2062,28,24,1.1667,33,0.3402,0.7535,train,0
MAZE_00386,10385,15,15,225,97,128,0.5689,2,0.0206,1,0.0103,76,0.7835,17,0.1753,24,24,1,25,0.2577,0.6289,train,0
MAZE_00387,10386,15,15,225,97,128,0.5689,6,0.0619,5,0.0515,67,0.6907,18,0.1856,28,24,1.1667,31,0.3196,0.7431,train,0
MAZE_00388,10387,15,15,225,97,128,0.5689,7,0.0722,7,0.0722,66,0.6804,15,0.1546,40,24,1.6667,57,0.5876,1.1272,train,0
MAZE_00389,10388,15,15,225,97,128,0.5689,5,0.0515,4,0.0412,64,0.6598,23,0.2371,40,24,1.6667,47,0.4845,1.0756,test,0
MAZE_00390,10389,15,15,225,97,128,0.5689,6,0.0619,5,0.0515,63,0.6495,22,0.2268,28,24,1.1667,37,0.3814,0.7741,train,0
MAZE_00391,10390,15,15,225,97,128,0.5689,5,0.0515,4,0.0412,57,0.5876,30,0.3093,72,24,3,85,0.8763,1.9382,test,2
MAZE_00392,10391,15,15,225,97,128,0.5689,5,0.0515,4,0.0412,69,0.7113,18,0.1856,48,24,2,67,0.6907,1.3454,test,1
MAZE_00393,10392,15,15,225,97,128,0.5689,5,0.0515,5,0.0515,66,0.6804,19,0.1959,32,24,1.3333,47,0.4845,0.9089,train,0
MAZE_00394,10393,15,15,225,97,128,0.5689,5,0.0515,4,0.0412,63,0.6495,24,0.2474,80,24,3.3333,93,0.9588,2.146,train,2
MAZE_00395,10394,15,15,225,97,128,0.5689,7,0.0722,6,0.0619,64,0.6598,19,0.1959,44,24,1.8333,55,0.567,1.2001,train,0
MAZE_00396,10395,15,15,225,97,128,0.5689,6,0.0619,5,0.0515,63,0.6495,22,0.2268,64,24,2.6667,77,0.7938,1.7303,train,1
MAZE_00397,10396,15,15,225,97,128,0.5689,6,0.0619,5,0.0515,62,0.6392,23,0.2371,48,24,2,57,0.5876,1.2938,train,1
MAZE_00398,10397,15,15,225,97,128,0.5689,7,0.0722,6,0.0619,65,0.6701,18,0.1856,52,24,2.1667,73,0.7526,1.4597,train,1
MAZE_00399,10398,15,15,225,97,128,0.5689,6,0.0619,5,0.0515,59,0.6082,26,0.268,40,24,1.6667,49,0.5052,1.0859,test,0
MAZE_00400,10399,15,15,225,97,128,0.5689,4,0.0412,3,0.0309,59,0.6082,30,0.3093,68,24,2.8333,77,0.7938,1.8135,test,2
MAZE_00401,10400,15,15,225,97,128,0.5689,3,0.0309,3,0.0309,60,0.6186,29,0.299,72,24,3,91,0.9381,1.969,train,2
MAZE_00402,10401,15,15,225,97,128,0.5689,6,0.0619,6,0.0619,63,0.6495,20,0.2062,56,24,2.3333,65,0.6701,1.5017,train,1
MAZE_00403,10402,15,15,225,97,128,0.5689,8,0.0825,7,0.0722,62,0.6392,19,0.1959,64,24,2.6667,88,0.9072,1.787,train,2
MAZE_00404,10403,15,15,225,97,128,0.5689,4,0.0412,4,0.0412,67,0.6907,20,0.2062,44,24,1.8333,63,0.6495,1.2414,train,1
MAZE_00405,10404,15,15,225,97,128,0.5689,7,0.0722,6,0.0619,65,0.6701,18,0.1856,64,24,2.6667,83,0.8557,1.7612,train,2
MAZE_00406,10405,15,15,225,97,128,0.5689,6,0.0619,6,0.0619,62,0.6392,21,0.2165,56,24,2.3333,67,0.6907,1.512,train,1
MAZE_00407,10406,15,15,225,97,128,0.5689,5,0.0515,5,0.0515,64,0.6598,21,0.2165,36,24,1.5,49,0.5052,1.0026,test,0
MAZE_00408,10407,15,15,225,97,128,0.5689,4,0.0412,3,0.0309,66,0.6804,23,0.2371,84,24,3.5,95,0.9794,2.2397,train,2
MAZE_00409,10408,15,15,225,97,128,0.5689,6,0.0619,6,0.0619,64,0.6598,19,0.1959,32,24,1.3333,47,0.4845,0.9089,train,0
MAZE_00410,10409,15,15,225,97,128,0.5689,4,0.0412,3,0.0309,66,0.6804,23,0.2371,28,24,1.1667,35,0.3608,0.7638,train,0
MAZE_00411,10410,15,15,225,97,128,0.5689,7,0.0722,6,0.0619,68,0.701,15,0.1546,40,24,1.6667,57,0.5876,1.1272,test,0
MAZE_00412,10411,15,15,225,97,128,0.5689,4,0.0412,4,0.0412,67,0.6907,20,0.2062,52,24,2.1667,59,0.6082,1.3875,test,1
MAZE_00413,10412,15,15,225,97,128,0.5689,5,0.0515,5,0.0515,68,0.701,17,0.1753,36,24,1.5,57,0.5876,1.0438,train,0
MAZE_00414,10413,15,15,225,97,128,0.5689,5,0.0515,4,0.0412,64,0.6598,23,0.2371,24,24,1,27,0.2784,0.6392,train,0
MAZE_00415,10414,15,15,225,97,128,0.5689,5,0.0515,4,0.0412,61,0.6289,26,0.268,68,24,2.8333,89,0.9175,1.8754,train,2
MAZE_00416,10415,15,15,225,97,128,0.5689,4,0.0412,4,0.0412,64,0.6598,23,0.2371,60,24,2.5,77,0.7938,1.6469,train,1
MAZE_00417,10416,15,15,225,97,128,0.5689,6,0.0619,5,0.0515,62,0.6392,23,0.2371,24,24,1,27,0.2784,0.6392,train,0
MAZE_00418,10417,15,15,225,97,128,0.5689,6,0.0619,5,0.0515,68,0.701,17,0.1753,40,24,1.6667,61,0.6289,1.1478,train,0
MAZE_00419,10418,15,15,225,97,128,0.5689,4,0.0412,3,0.0309,64,0.6598,25,0.2577,56,24,2.3333,77,0.7938,1.5635,train,1
MAZE_00420,10419,15,15,225,97,128,0.5689,5,0.0515,5,0.0515,65,0.6701,20,0.2062,72,24,3,97,1,2,train,2
MAZE_00421,10420,15,15,225,97,128,0.5689,6,0.0619,5,0.0515,61,0.6289,24,0.2474,32,24,1.3333,39,0.4021,0.8677,train,0
MAZE_00422,10421,15,15,225,97,128,0.5689,7,0.0722,7,0.0722,62,0.6392,19,0.1959,28,24,1.1667,41,0.4227,0.7947,train,0
MAZE_00423,10422,15,15,225,97,128,0.5689,7,0.0722,7,0.0722,67,0.6907,14,0.1443,44,24,1.8333,73,0.7526,1.293,test,1
MAZE_00424,10423,15,15,225,97,128,0.5689,7,0.0722,6,0.0619,63,0.6495,20,0.2062,28,24,1.1667,37,0.3814,0.7741,train,0
MAZE_00425,10424,15,15,225,97,128,0.5689,7,0.0722,6,0.0619,62,0.6392,21,0.2165,40,24,1.6667,53,0.5464,1.1065,test,0
MAZE_00426,10425,15,15,225,97,128,0.5689,3,0.0309,3,0.0309,69,0.7113,20,0.2062,84,24,3.5,97,1,2.25,train,2
MAZE_00427,10426,15,15,225,97,128,0.5689,5,0.0515,4,0.0412,65,0.6701,22,0.2268,36,24,1.5,45,0.4639,0.9819,train,0
MAZE_00428,10427,15,15,225,97,128,0.5689,6,0.0619,4,0.0412,64,0.6598,22,0.2268,60,24,2.5,69,0.7113,1.6057,train,1
MAZE_00429,10428,15,15,225,97,128,0.5689,6,0.0619,5,0.0515,61,0.6289,24,0.2474,40,24,1.6667,47,0.4845,1.0756,train,0
MAZE_00430,10429,15,15,225,97,128,0.5689,5,0.0515,4,0.0412,65,0.6701,22,0.2268,72,24,3,85,0.8763,1.9382,train,2
MAZE_00431,10430,15,15,225,97,128,0.5689,6,0.0619,6,0.0619,66,0.6804,17,0.1753,44,24,1.8333,79,0.8144,1.3238,train,1
MAZE_00432,10431,15,15,225,97,128,0.5689,4,0.0412,4,0.0412,64,0.6598,23,0.2371,36,24,1.5,47,0.4845,0.9922,train,0
MAZE_00433,10432,15,15,225,97,128,0.5689,6,0.0619,5,0.0515,65,0.6701,20,0.2062,44,24,1.8333,47,0.4845,1.1589,train,0
MAZE_00434,10433,15,15,225,97,128,0.5689,5,0.0515,4,0.0412,63,0.6495,24,0.2474,40,24,1.6667,43,0.4433,1.055,train,0
MAZE_00435,10434,15,15,225,97,128,0.5689,6,0.0619,5,0.0515,63,0.6495,22,0.2268,52,24,2.1667,73,0.7526,1.4597,test,1
MAZE_00436,10435,15,15,225,97,128,0.5689,6,0.0619,5,0.0515,67,0.6907,18,0.1856,56,24,2.3333,69,0.7113,1.5223,train,1
MAZE_00437,10436,15,15,225,97,128,0.5689,3,0.0309,3,0.0309,65,0.6701,24,0.2474,64,24,2.6667,89,0.9175,1.7921,train,2
MAZE_00438,10437,15,15,225,97,128,0.5689,5,0.0515,5,0.0515,65,0.6701,20,0.2062,72,24,3,91,0.9381,1.969,train,2
MAZE_00439,10438,15,15,225,97,128,0.5689,5,0.0515,4,0.0412,62,0.6392,25,0.2577,48,24,2,59,0.6082,1.3041,train,1
MAZE_00440,10439,15,15,225,97,128,0.5689,4,0.0412,3,0.0309,65,0.6701,24,0.2474,32,24,1.3333,37,0.3814,0.8573,train,0
MAZE_00441,10440,15,15,225,97,128,0.5689,4,0.0412,3,0.0309,66,0.6804,23,0.2371,84,24,3.5,95,0.9794,2.2397,train,2
MAZE_00442,10441,15,15,225,97,128,0.5689,5,0.0515,4,0.0412,65,0.6701,22,0.2268,40,24,1.6667,47,0.4845,1.0756,train,0
MAZE_00443,10442,15,15,225,97,128,0.5689,5,0.0515,4,0.0412,61,0.6289,26,0.268,44,24,1.8333,49,0.5052,1.1692,test,0
MAZE_00444,10443,15,15,225,97,128,0.5689,5,0.0515,5,0.0515,69,0.7113,16,0.1649,44,24,1.8333,57,0.5876,1.2105,train,0
MAZE_00445,10444,15,15,225,97,128,0.5689,5,0.0515,4,0.0412,66,0.6804,21,0.2165,28,24,1.1667,35,0.3608,0.7638,test,0
MAZE_00446,10445,15,15,225,97,128,0.5689,6,0.0619,6,0.0619,61,0.6289,22,0.2268,32,24,1.3333,43,0.4433,0.8883,train,0
MAZE_00447,10446,15,15,225,97,128,0.5689,7,0.0722,6,0.0619,60,0.6186,23,0.2371,24,24,1,27,0.2784,0.6392,train,0
MAZE_00448,10447,15,15,225,97,128,0.5689,6,0.0619,5,0.0515,65,0.6701,20,0.2062,40,24,1.6667,49,0.5052,1.0859,train,0
MAZE_00449,10448,15,15,225,97,128,0.5689,5,0.0515,4,0.0412,64,0.6598,23,0.2371,40,24,1.6667,51,0.5258,1.0962,train,0
MAZE_00450,10449,15,15,225,97,128,0.5689,6,0.0619,5,0.0515,61,0.6289,24,0.2474,44,24,1.8333,53,0.5464,1.1898,train,0
MAZE_00451,10450,15,15,225,97,128,0.5689,7,0.0722,6,0.0619,59,0.6082,24,0.2474,60,24,2.5,71,0.732,1.616,train,1
MAZE_00452,10451,15,15,225,97,128,0.5689,6,0.0619,6,0.0619,62,0.6392,21,0.2165,44,24,1.8333,59,0.6082,1.2208,train,0
MAZE_00453,10452,15,15,225,97,128,0.5689,2,0.0206,1,0.0103,67,0.6907,26,0.268,84,24,3.5,89,0.9175,2.2088,test,2
MAZE_00454,10453,15,15,225,97,128,0.5689,7,0.0722,6,0.0619,62,0.6392,21,0.2165,36,24,1.5,43,0.4433,0.9717,train,0
MAZE_00455,10454,15,15,225,97,128,0.5689,4,0.0412,4,0.0412,64,0.6598,23,0.2371,60,24,2.5,75,0.7732,1.6366,test,1
MAZE_00456,10455,15,15,225,97,128,0.5689,7,0.0722,6,0.0619,63,0.6495,20,0.2062,44,24,1.8333,63,0.6495,1.2414,test,1
MAZE_00457,10456,15,15,225,97,128,0.5689,7,0.0722,6,0.0619,61,0.6289,22,0.2268,48,24,2,63,0.6495,1.3247,train,1
MAZE_00458,10457,15,15,225,97,128,0.5689,4,0.0412,4,0.0412,56,0.5773,31,0.3196,40,24,1.6667,47,0.4845,1.0756,train,0
MAZE_00459,10458,15,15,225,97,128,0.5689,7,0.0722,6,0.0619,63,0.6495,20,0.2062,36,24,1.5,47,0.4845,0.9922,train,0
MAZE_00460,10459,15,15,225,97,128,0.5689,4,0.0412,3,0.0309,66,0.6804,23,0.2371,44,24,1.8333,53,0.5464,1.1898,test,0
MAZE_00461,10460,15,15,225,97,128,0.5689,5,0.0515,4,0.0412,60,0.6186,27,0.2784,56,24,2.3333,71,0.732,1.5326,train,1
MAZE_00462,10461,15,15,225,97,128,0.5689,6,0.0619,5,0.0515,63,0.6495,22,0.2268,36,24,1.5,47,0.4845,0.9922,train,0
MAZE_00463,10462,15,15,225,97,128,0.5689,6,0.0619,6,0.0619,60,0.6186,23,0.2371,68,24,2.8333,97,1,1.9166,train,2
MAZE_00464,10463,15,15,225,97,128,0.5689,6,0.0619,5,0.0515,68,0.701,17,0.1753,28,24,1.1667,31,0.3196,0.7431,train,0
MAZE_00465,10464,15,15,225,97,128,0.5689,8,0.0825,8,0.0825,58,0.5979,21,0.2165,52,24,2.1667,61,0.6289,1.3978,train,1
MAZE_00466,10465,15,15,225,97,128,0.5689,6,0.0619,5,0.0515,64,0.6598,21,0.2165,40,24,1.6667,55,0.567,1.1168,train,0
MAZE_00467,10466,15,15,225,97,128,0.5689,4,0.0412,3,0.0309,69,0.7113,20,0.2062,68,24,2.8333,77,0.7938,1.8135,train,2
MAZE_00468,10467,15,15,225,97,128,0.5689,7,0.0722,6,0.0619,62,0.6392,21,0.2165,32,24,1.3333,35,0.3608,0.847,train,0
MAZE_00469,10468,15,15,225,97,128,0.5689,4,0.0412,3,0.0309,68,0.701,21,0.2165,32,24,1.3333,35,0.3608,0.847,train,0
MAZE_00470,10469,15,15,225,97,128,0.5689,3,0.0309,3,0.0309,66,0.6804,23,0.2371,64,24,2.6667,93,0.9588,1.8128,test,2
MAZE_00471,10470,15,15,225,97,128,0.5689,5,0.0515,5,0.0515,64,0.6598,21,0.2165,64,24,2.6667,95,0.9794,1.8231,train,2
MAZE_00472,10471,15,15,225,97,128,0.5689,5,0.0515,4,0.0412,59,0.6082,28,0.2887,72,24,3,87,0.8969,1.9485,train,2
MAZE_00473,10472,15,15,225,97,128,0.5689,4,0.0412,4,0.0412,67,0.6907,20,0.2062,60,24,2.5,85,0.8763,1.6882,train,1
MAZE_00474,10473,15,15,225,97,128,0.5689,4,0.0412,4,0.0412,62,0.6392,25,0.2577,40,24,1.6667,47,0.4845,1.0756,train,0
MAZE_00475,10474,15,15,225,97,128,0.5689,5,0.0515,5,0.0515,64,0.6598,21,0.2165,64,24,2.6667,97,1,1.8334,train,2
MAZE_00476,10475,15,15,225,97,128,0.5689,6,0.0619,6,0.0619,61,0.6289,22,0.2268,40,24,1.6667,57,0.5876,1.1272,train,0
MAZE_00477,10476,15,15,225,97,128,0.5689,6,0.0619,5,0.0515,62,0.6392,23,0.2371,36,24,1.5,45,0.4639,0.9819,train,0
MAZE_00478,10477,15,15,225,97,128,0.5689,5,0.0515,5,0.0515,63,0.6495,22,0.2268,52,24,2.1667,67,0.6907,1.4287,train,1
MAZE_00479,10478,15,15,225,97,128,0.5689,3,0.0309,3,0.0309,67,0.6907,22,0.2268,56,24,2.3333,61,0.6289,1.4811,train,1
MAZE_00480,10479,15,15,225,97,128,0.5689,4,0.0412,3,0.0309,68,0.701,21,0.2165,64,24,2.6667,81,0.8351,1.7509,train,2
MAZE_00481,10480,15,15,225,97,128,0.5689,6,0.0619,6,0.0619,65,0.6701,18,0.1856,72,24,3,97,1,2,test,2
MAZE_00482,10481,15,15,225,97,128,0.5689,4,0.0412,4,0.0412,61,0.6289,26,0.268,68,24,2.8333,89,0.9175,1.8754,train,2
MAZE_00483,10482,15,15,225,97,128,0.5689,8,0.0825,7,0.0722,60,0.6186,21,0.2165,24,24,1,35,0.3608,0.6804,train,0
MAZE_00484,10483,15,15,225,97,128,0.5689,7,0.0722,6,0.0619,63,0.6495,20,0.2062,56,24,2.3333,85,0.8763,1.6048,train,1
MAZE_00485,10484,15,15,225,97,128,0.5689,5,0.0515,5,0.0515,62,0.6392,23,0.2371,52,24,2.1667,67,0.6907,1.4287,test,1
MAZE_00486,10485,15,15,225,97,128,0.5689,6,0.0619,5,0.0515,67,0.6907,18,0.1856,60,24,2.5,81,0.8351,1.6675,train,1
MAZE_00487,10486,15,15,225,97,128,0.5689,6,0.0619,5,0.0515,65,0.6701,20,0.2062,64,24,2.6667,89,0.9175,1.7921,train,2
MAZE_00488,10487,15,15,225,97,128,0.5689,4,0.0412,3,0.0309,60,0.6186,29,0.299,48,24,2,57,0.5876,1.2938,test,1
MAZE_00489,10488,15,15,225,97,128,0.5689,4,0.0412,4,0.0412,67,0.6907,20,0.2062,48,24,2,63,0.6495,1.3247,train,1
MAZE_00490,10489,15,15,225,97,128,0.5689,2,0.0206,2,0.0206,66,0.6804,25,0.2577,56,24,2.3333,81,0.8351,1.5842,train,1
MAZE_00491,10490,15,15,225,97,128,0.5689,5,0.0515,4,0.0412,62,0.6392,25,0.2577,44,24,1.8333,49,0.5052,1.1692,train,0
MAZE_00492,10491,15,15,225,97,128,0.5689,4,0.0412,3,0.0309,65,0.6701,24,0.2474,44,24,1.8333,59,0.6082,1.2208,train,0
MAZE_00493,10492,15,15,225,97,128,0.5689,5,0.0515,4,0.0412,67,0.6907,20,0.2062,32,24,1.3333,39,0.4021,0.8677,train,0
MAZE_00494,10493,15,15,225,97,128,0.5689,8,0.0825,7,0.0722,60,0.6186,21,0.2165,32,24,1.3333,41,0.4227,0.878,train,0
MAZE_00495,10494,15,15,225,97,128,0.5689,5,0.0515,4,0.0412,69,0.7113,18,0.1856,56,24,2.3333,75,0.7732,1.5533,train,1
MAZE_00496,10495,15,15,225,97,128,0.5689,5,0.0515,5,0.0515,66,0.6804,19,0.1959,48,24,2,65,0.6701,1.3351,train,1
MAZE_00497,10496,15,15,225,97,128,0.5689,5,0.0515,4,0.0412,65,0.6701,22,0.2268,28,24,1.1667,41,0.4227,0.7947,train,0
MAZE_00498,10497,15,15,225,97,128,0.5689,8,0.0825,7,0.0722,60,0.6186,21,0.2165,36,24,1.5,53,0.5464,1.0232,test,0
MAZE_00499,10498,15,15,225,97,128,0.5689,5,0.0515,4,0.0412,63,0.6495,24,0.2474,32,24,1.3333,45,0.4639,0.8986,train,0
MAZE_00500,10499,15,15,225,97,128,0.5689,6,0.0619,6,0.0619,60,0.6186,23,0.2371,64,24,2.6667,81,0.8351,1.7509,train,2
MAZE_00501,10500,15,15,225,97,128,0.5689,6,0.0619,6,0.0619,66,0.6804,17,0.1753,60,24,2.5,93,0.9588,1.7294,train,1
MAZE_00502,10501,15,15,225,97,128,0.5689,5,0.0515,4,0.0412,67,0.6907,20,0.2062,48,24,2,71,0.732,1.366,train,1
MAZE_00503,10502,15,15,225,97,128,0.5689,6,0.0619,6,0.0619,64,0.6598,19,0.1959,56,24,2.3333,97,1,1.6666,train,1
MAZE_00504,10503,15,15,225,97,128,0.5689,5,0.0515,4,0.0412,63,0.6495,24,0.2474,52,24,2.1667,69,0.7113,1.439,train,1
MAZE_00505,10504,15,15,225,97,128,0.5689,5,0.0515,5,0.0515,64,0.6598,21,0.2165,68,24,2.8333,95,0.9794,1.9063,train,2
MAZE_00506,10505,15,15,225,97,128,0.5689,5,0.0515,4,0.0412,68,0.701,19,0.1959,32,24,1.3333,35,0.3608,0.847,train,0
MAZE_00507,10506,15,15,225,97,128,0.5689,4,0.0412,3,0.0309,67,0.6907,22,0.2268,68,24,2.8333,77,0.7938,1.8135,train,2
MAZE_00508,10507,15,15,225,97,128,0.5689,4,0.0412,4,0.0412,62,0.6392,25,0.2577,56,24,2.3333,79,0.8144,1.5738,train,1
MAZE_00509,10508,15,15,225,97,128,0.5689,5,0.0515,4,0.0412,66,0.6804,21,0.2165,48,24,2,59,0.6082,1.3041,train,1
MAZE_00510,10509,15,15,225,97,128,0.5689,6,0.0619,5,0.0515,68,0.701,17,0.1753,40,24,1.6667,49,0.5052,1.0859,train,0
MAZE_00511,10510,15,15,225,97,128,0.5689,3,0.0309,3,0.0309,59,0.6082,30,0.3093,56,24,2.3333,61,0.6289,1.4811,train,1
MAZE_00512,10511,15,15,225,97,128,0.5689,7,0.0722,6,0.0619,64,0.6598,19,0.1959,36,24,1.5,45,0.4639,0.9819,train,0
MAZE_00513,10512,15,15,225,97,128,0.5689,4,0.0412,3,0.0309,66,0.6804,23,0.2371,36,24,1.5,37,0.3814,0.9407,train,0
MAZE_00514,10513,15,15,225,97,128,0.5689,5,0.0515,5,0.0515,61,0.6289,24,0.2474,64,24,2.6667,81,0.8351,1.7509,train,2
MAZE_00515,10514,15,15,225,97,128,0.5689,7,0.0722,6,0.0619,62,0.6392,21,0.2165,56,24,2.3333,85,0.8763,1.6048,test,1
MAZE_00516,10515,15,15,225,97,128,0.5689,4,0.0412,4,0.0412,67,0.6907,20,0.2062,68,24,2.8333,94,0.9691,1.9012,test,2
MAZE_00517,10516,15,15,225,97,128,0.5689,7,0.0722,7,0.0722,55,0.567,26,0.268,52,24,2.1667,69,0.7113,1.439,train,1
MAZE_00518,10517,15,15,225,97,128,0.5689,7,0.0722,6,0.0619,64,0.6598,19,0.1959,40,24,1.6667,51,0.5258,1.0962,train,0
MAZE_00519,10518,15,15,225,97,128,0.5689,4,0.0412,3,0.0309,70,0.7216,19,0.1959,24,24,1,33,0.3402,0.6701,train,0
MAZE_00520,10519,15,15,225,97,128,0.5689,6,0.0619,5,0.0515,67,0.6907,18,0.1856,60,24,2.5,69,0.7113,1.6057,train,1
MAZE_00521,10520,15,15,225,97,128,0.5689,5,0.0515,4,0.0412,61,0.6289,26,0.268,28,24,1.1667,41,0.4227,0.7947,train,0
MAZE_00522,10521,15,15,225,97,128,0.5689,6,0.0619,5,0.0515,63,0.6495,22,0.2268,32,24,1.3333,37,0.3814,0.8573,train,0
MAZE_00523,10522,15,15,225,97,128,0.5689,4,0.0412,3,0.0309,66,0.6804,23,0.2371,28,24,1.1667,33,0.3402,0.7535,test,0
MAZE_00524,10523,15,15,225,97,128,0.5689,5,0.0515,4,0.0412,66,0.6804,21,0.2165,64,24,2.6667,73,0.7526,1.7097,train,1
MAZE_00525,10524,15,15,225,97,128,0.5689,8,0.0825,7,0.0722,65,0.6701,16,0.1649,40,24,1.6667,49,0.5052,1.0859,train,0
MAZE_00526,10525,15,15,225,97,128,0.5689,7,0.0722,6,0.0619,62,0.6392,21,0.2165,36,24,1.5,43,0.4433,0.9717,train,0
MAZE_00527,10526,15,15,225,97,128,0.5689,4,0.0412,3,0.0309,63,0.6495,26,0.268,28,24,1.1667,31,0.3196,0.7431,train,0
MAZE_00528,10527,15,15,225,97,128,0.5689,5,0.0515,4,0.0412,62,0.6392,25,0.2577,36,24,1.5,49,0.5052,1.0026,test,0
MAZE_00529,10528,15,15,225,97,128,0.5689,5,0.0515,4,0.0412,67,0.6907,20,0.2062,40,24,1.6667,41,0.4227,1.0447,train,0
MAZE_00530,10529,15,15,225,97,128,0.5689,6,0.0619,5,0.0515,64,0.6598,21,0.2165,40,24,1.6667,53,0.5464,1.1065,train,0
MAZE_00531,10530,15,15,225,97,128,0.5689,4,0.0412,4,0.0412,72,0.7423,15,0.1546,60,24,2.5,97,1,1.75,test,2
MAZE_00532,10531,15,15,225,97,128,0.5689,5,0.0515,4,0.0412,61,0.6289,26,0.268,36,24,1.5,49,0.5052,1.0026,train,0
MAZE_00533,10532,15,15,225,97,128,0.5689,6,0.0619,5,0.0515,59,0.6082,25,0.2577,48,24,2,63,0.6495,1.3247,train,1
MAZE_00534,10533,15,15,225,97,128,0.5689,6,0.0619,5,0.0515,67,0.6907,18,0.1856,44,24,1.8333,51,0.5258,1.1795,train,0
MAZE_00535,10534,15,15,225,97,128,0.5689,5,0.0515,5,0.0515,59,0.6082,26,0.268,68,24,2.8333,87,0.8969,1.8651,test,2
MAZE_00536,10535,15,15,225,97,128,0.5689,6,0.0619,6,0.0619,57,0.5876,26,0.268,44,24,1.8333,61,0.6289,1.2311,train,0
MAZE_00537,10536,15,15,225,97,128,0.5689,6,0.0619,5,0.0515,63,0.6495,22,0.2268,48,24,2,75,0.7732,1.3866,train,1
MAZE_00538,10537,15,15,225,97,128,0.5689,6,0.0619,6,0.0619,66,0.6804,17,0.1753,64,24,2.6667,89,0.9175,1.7921,test,2
MAZE_00539,10538,15,15,225,97,128,0.5689,6,0.0619,5,0.0515,62,0.6392,23,0.2371,56,24,2.3333,65,0.6701,1.5017,train,1
MAZE_00540,10539,15,15,225,97,128,0.5689,4,0.0412,3,0.0309,69,0.7113,20,0.2062,52,24,2.1667,63,0.6495,1.4081,train,1
MAZE_00541,10540,15,15,225,97,128,0.5689,5,0.0515,5,0.0515,59,0.6082,26,0.268,68,24,2.8333,91,0.9381,1.8857,test,2
MAZE_00542,10541,15,15,225,97,128,0.5689,6,0.0619,5,0.0515,59,0.6082,26,0.268,52,24,2.1667,57,0.5876,1.3772,train,1
MAZE_00543,10542,15,15,225,97,128,0.5689,3,0.0309,2,0.0206,70,0.7216,21,0.2165,40,24,1.6667,43,0.4433,1.055,train,0
MAZE_00544,10543,15,15,225,97,128,0.5689,6,0.0619,5,0.0515,68,0.701,17,0.1753,64,24,2.6667,91,0.9381,1.8024,test,2
MAZE_00545,10544,15,15,225,97,128,0.5689,5,0.0515,4,0.0412,64,0.6598,23,0.2371,24,24,1,29,0.299,0.6495,test,0
MAZE_00546,10545,15,15,225,97,128,0.5689,6,0.0619,5,0.0515,65,0.6701,20,0.2062,36,24,1.5,41,0.4227,0.9614,train,0
MAZE_00547,10546,15,15,225,97,128,0.5689,6,0.0619,5,0.0515,60,0.6186,25,0.2577,44,24,1.8333,51,0.5258,1.1795,train,0
MAZE_00548,10547,15,15,225,97,128,0.5689,5,0.0515,4,0.0412,61,0.6289,26,0.268,44,24,1.8333,55,0.567,1.2001,train,0
MAZE_00549,10548,15,15,225,97,128,0.5689,4,0.0412,3,0.0309,65,0.6701,24,0.2474,48,24,2,53,0.5464,1.2732,train,1
MAZE_00550,10549,15,15,225,97,128,0.5689,7,0.0722,6,0.0619,64,0.6598,19,0.1959,24,24,1,31,0.3196,0.6598,train,0
MAZE_00551,10550,15,15,225,97,128,0.5689,5,0.0515,4,0.0412,63,0.6495,24,0.2474,52,24,2.1667,55,0.567,1.3668,test,1
MAZE_00552,10551,15,15,225,97,128,0.5689,8,0.0825,7,0.0722,61,0.6289,20,0.2062,44,24,1.8333,55,0.567,1.2001,test,0
MAZE_00553,10552,15,15,225,97,128,0.5689,5,0.0515,4,0.0412,58,0.5979,29,0.299,40,24,1.6667,45,0.4639,1.0653,train,0
MAZE_00554,10553,15,15,225,97,128,0.5689,3,0.0309,2,0.0206,65,0.6701,26,0.268,60,24,2.5,67,0.6907,1.5954,train,1
MAZE_00555,10554,15,15,225,97,128,0.5689,6,0.0619,5,0.0515,63,0.6495,22,0.2268,52,24,2.1667,59,0.6082,1.3875,test,1
MAZE_00556,10555,15,15,225,97,128,0.5689,6,0.0619,5,0.0515,63,0.6495,22,0.2268,60,24,2.5,89,0.9175,1.7087,train,1
MAZE_00557,10556,15,15,225,97,128,0.5689,5,0.0515,4,0.0412,62,0.6392,25,0.2577,64,24,2.6667,83,0.8557,1.7612,train,2
MAZE_00558,10557,15,15,225,97,128,0.5689,4,0.0412,3,0.0309,62,0.6392,27,0.2784,48,24,2,75,0.7732,1.3866,train,1
MAZE_00559,10558,15,15,225,97,128,0.5689,4,0.0412,3,0.0309,66,0.6804,23,0.2371,56,24,2.3333,69,0.7113,1.5223,train,1
MAZE_00560,10559,15,15,225,97,128,0.5689,6,0.0619,5,0.0515,59,0.6082,26,0.268,76,24,3.1667,95,0.9794,2.0731,train,2
MAZE_00561,10560,15,15,225,97,128,0.5689,7,0.0722,7,0.0722,63,0.6495,18,0.1856,40,24,1.6667,49,0.5052,1.0859,train,0
MAZE_00562,10561,15,15,225,97,128,0.5689,3,0.0309,3,0.0309,63,0.6495,26,0.268,36,24,1.5,47,0.4845,0.9922,train,0
MAZE_00563,10562,15,15,225,97,128,0.5689,5,0.0515,4,0.0412,62,0.6392,25,0.2577,48,24,2,57,0.5876,1.2938,train,1
MAZE_00564,10563,15,15,225,97,128,0.5689,7,0.0722,6,0.0619,61,0.6289,22,0.2268,36,24,1.5,43,0.4433,0.9717,train,0
MAZE_00565,10564,15,15,225,97,128,0.5689,4,0.0412,4,0.0412,57,0.5876,30,0.3093,44,24,1.8333,55,0.567,1.2001,test,0
MAZE_00566,10565,15,15,225,97,128,0.5689,3,0.0309,2,0.0206,72,0.7423,19,0.1959,52,24,2.1667,61,0.6289,1.3978,test,1
MAZE_00567,10566,15,15,225,97,128,0.5689,8,0.0825,7,0.0722,65,0.6701,16,0.1649,28,24,1.1667,41,0.4227,0.7947,train,0
MAZE_00568,10567,15,15,225,97,128,0.5689,6,0.0619,5,0.0515,59,0.6082,26,0.268,52,24,2.1667,69,0.7113,1.439,train,1
MAZE_00569,10568,15,15,225,97,128,0.5689,4,0.0412,3,0.0309,64,0.6598,25,0.2577,64,24,2.6667,81,0.8351,1.7509,train,2
MAZE_00570,10569,15,15,225,97,128,0.5689,6,0.0619,6,0.0619,61,0.6289,22,0.2268,36,24,1.5,49,0.5052,1.0026,train,0
MAZE_00571,10570,15,15,225,97,128,0.5689,6,0.0619,5,0.0515,60,0.6186,25,0.2577,52,24,2.1667,75,0.7732,1.47,train,1
MAZE_00572,10571,15,15,225,97,128,0.5689,3,0.0309,2,0.0206,64,0.6598,27,0.2784,52,24,2.1667,67,0.6907,1.4287,test,1
MAZE_00573,10572,15,15,225,97,128,0.5689,8,0.0825,8,0.0825,58,0.5979,21,0.2165,60,24,2.5,73,0.7526,1.6263,train,1
MAZE_00574,10573,15,15,225,97,128,0.5689,6,0.0619,6,0.0619,61,0.6289,22,0.2268,72,24,3,91,0.9381,1.969,train,2
MAZE_00575,10574,15,15,225,97,128,0.5689,8,0.0825,7,0.0722,64,0.6598,17,0.1753,60,24,2.5,87,0.8969,1.6985,train,1
MAZE_00576,10575,15,15,225,97,128,0.5689,4,0.0412,3,0.0309,61,0.6289,28,0.2887,80,24,3.3333,89,0.9175,2.1254,test,2
MAZE_00577,10576,15,15,225,97,128,0.5689,6,0.0619,5,0.0515,64,0.6598,21,0.2165,60,24,2.5,95,0.9794,1.7397,test,1
MAZE_00578,10577,15,15,225,97,128,0.5689,6,0.0619,6,0.0619,62,0.6392,21,0.2165,36,24,1.5,55,0.567,1.0335,train,0
MAZE_00579,10578,15,15,225,97,128,0.5689,6,0.0619,6,0.0619,60,0.6186,23,0.2371,36,24,1.5,43,0.4433,0.9717,train,0
MAZE_00580,10579,15,15,225,97,128,0.5689,8,0.0825,7,0.0722,59,0.6082,22,0.2268,32,24,1.3333,41,0.4227,0.878,test,0
MAZE_00581,10580,15,15,225,97,128,0.5689,5,0.0515,5,0.0515,60,0.6186,25,0.2577,48,24,2,59,0.6082,1.3041,train,1
MAZE_00582,10581,15,15,225,97,128,0.5689,5,0.0515,5,0.0515,58,0.5979,27,0.2784,68,24,2.8333,79,0.8144,1.8238,train,2
MAZE_00583,10582,15,15,225,97,128,0.5689,3,0.0309,3,0.0309,66,0.6804,23,0.2371,56,24,2.3333,63,0.6495,1.4914,train,1
MAZE_00584,10583,15,15,225,97,128,0.5689,5,0.0515,5,0.0515,62,0.6392,23,0.2371,40,24,1.6667,59,0.6082,1.1375,test,0
MAZE_00585,10584,15,15,225,97,128,0.5689,6,0.0619,5,0.0515,61,0.6289,24,0.2474,44,24,1.8333,49,0.5052,1.1692,train,0
MAZE_00586,10585,15,15,225,97,128,0.5689,7,0.0722,6,0.0619,61,0.6289,22,0.2268,72,24,3,95,0.9794,1.9897,train,2
MAZE_00587,10586,15,15,225,97,128,0.5689,3,0.0309,2,0.0206,68,0.701,23,0.2371,72,24,3,89,0.9175,1.9587,train,2
MAZE_00588,10587,15,15,225,97,128,0.5689,6,0.0619,5,0.0515,62,0.6392,23,0.2371,64,24,2.6667,75,0.7732,1.72,train,1
MAZE_00589,10588,15,15,225,97,128,0.5689,8,0.0825,7,0.0722,63,0.6495,18,0.1856,44,24,1.8333,53,0.5464,1.1898,test,0
MAZE_00590,10589,15,15,225,97,128,0.5689,5,0.0515,4,0.0412,62,0.6392,25,0.2577,44,24,1.8333,47,0.4845,1.1589,train,0
MAZE_00591,10590,15,15,225,97,128,0.5689,4,0.0412,4,0.0412,62,0.6392,25,0.2577,52,24,2.1667,65,0.6701,1.4184,test,1
MAZE_00592,10591,15,15,225,97,128,0.5689,4,0.0412,3,0.0309,68,0.701,21,0.2165,36,24,1.5,43,0.4433,0.9717,train,0
MAZE_00593,10592,15,15,225,97,128,0.5689,5,0.0515,4,0.0412,62,0.6392,25,0.2577,76,24,3.1667,93,0.9588,2.0627,train,2
MAZE_00594,10593,15,15,225,97,128,0.5689,4,0.0412,4,0.0412,65,0.6701,22,0.2268,44,24,1.8333,57,0.5876,1.2105,train,0
MAZE_00595,10594,15,15,225,97,128,0.5689,6,0.0619,5,0.0515,60,0.6186,25,0.2577,32,24,1.3333,41,0.4227,0.878,test,0
MAZE_00596,10595,15,15,225,97,128,0.5689,8,0.0825,6,0.0619,61,0.6289,21,0.2165,68,24,2.8333,95,0.9794,1.9063,train,2
MAZE_00597,10596,15,15,225,97,128,0.5689,6,0.0619,5,0.0515,64,0.6598,21,0.2165,32,24,1.3333,41,0.4227,0.878,test,0
MAZE_00598,10597,15,15,225,97,128,0.5689,4,0.0412,3,0.0309,64,0.6598,25,0.2577,44,24,1.8333,51,0.5258,1.1795,train,0
MAZE_00599,10598,15,15,225,97,128,0.5689,5,0.0515,5,0.0515,64,0.6598,21,0.2165,48,24,2,61,0.6289,1.3144,train,1
MAZE_00600,10599,15,15,225,97,128,0.5689,7,0.0722,6,0.0619,65,0.6701,18,0.1856,36,24,1.5,53,0.5464,1.0232,test,0
MAZE_00601,10600,15,15,225,97,128,0.5689,4,0.0412,4,0.0412,65,0.6701,22,0.2268,52,24,2.1667,75,0.7732,1.47,train,1
MAZE_00602,10601,15,15,225,97,128,0.5689,6,0.0619,5,0.0515,57,0.5876,28,0.2887,48,24,2,57,0.5876,1.2938,train,1
MAZE_00603,10602,15,15,225,97,128,0.5689,4,0.0412,3,0.0309,62,0.6392,27,0.2784,40,24,1.6667,57,0.5876,1.1272,train,0
MAZE_00604,10603,15,15,225,97,128,0.5689,5,0.0515,5,0.0515,64,0.6598,21,0.2165,56,24,2.3333,89,0.9175,1.6254,train,1
MAZE_00605,10604,15,15,225,97,128,0.5689,6,0.0619,6,0.0619,64,0.6598,19,0.1959,32,24,1.3333,45,0.4639,0.8986,test,0
MAZE_00606,10605,15,15,225,97,128,0.5689,3,0.0309,3,0.0309,64,0.6598,25,0.2577,60,24,2.5,75,0.7732,1.6366,test,1
MAZE_00607,10606,15,15,225,97,128,0.5689,7,0.0722,6,0.0619,62,0.6392,21,0.2165,36,24,1.5,41,0.4227,0.9614,train,0
MAZE_00608,10607,15,15,225,97,128,0.5689,3,0.0309,2,0.0206,67,0.6907,24,0.2474,76,24,3.1667,93,0.9588,2.0627,train,2
MAZE_00609,10608,15,15,225,97,128,0.5689,7,0.0722,6,0.0619,59,0.6082,24,0.2474,64,24,2.6667,91,0.9381,1.8024,train,2
MAZE_00610,10609,15,15,225,97,128,0.5689,4,0.0412,3,0.0309,66,0.6804,23,0.2371,68,24,2.8333,73,0.7526,1.793,train,2
MAZE_00611,10610,15,15,225,97,128,0.5689,4,0.0412,3,0.0309,67,0.6907,22,0.2268,36,24,1.5,41,0.4227,0.9614,test,0
MAZE_00612,10611,15,15,225,97,128,0.5689,6,0.0619,5,0.0515,61,0.6289,24,0.2474,52,24,2.1667,61,0.6289,1.3978,train,1
MAZE_00613,10612,15,15,225,97,128,0.5689,5,0.0515,4,0.0412,64,0.6598,23,0.2371,72,24,3,93,0.9588,1.9794,train,2
MAZE_00614,10613,15,15,225,97,128,0.5689,6,0.0619,5,0.0515,62,0.6392,23,0.2371,56,24,2.3333,73,0.7526,1.543,train,1
MAZE_00615,10614,15,15,225,97,128,0.5689,8,0.0825,8,0.0825,60,0.6186,19,0.1959,28,24,1.1667,43,0.4433,0.805,train,0
MAZE_00616,10615,15,15,225,97,128,0.5689,7,0.0722,6,0.0619,65,0.6701,18,0.1856,68,24,2.8333,93,0.9588,1.8961,test,2
MAZE_00617,10616,15,15,225,97,128,0.5689,8,0.0825,8,0.0825,63,0.6495,16,0.1649,28,24,1.1667,39,0.4021,0.7844,train,0
MAZE_00618,10617,15,15,225,97,128,0.5689,5,0.0515,5,0.0515,62,0.6392,23,0.2371,36,24,1.5,39,0.4021,0.951,train,0
MAZE_00619,10618,15,15,225,97,128,0.5689,4,0.0412,3,0.0309,63,0.6495,26,0.268,40,24,1.6667,49,0.5052,1.0859,train,0
MAZE_00620,10619,15,15,225,97,128,0.5689,6,0.0619,6,0.0619,60,0.6186,23,0.2371,76,24,3.1667,89,0.9175,2.0421,test,2
MAZE_00621,10620,15,15,225,97,128,0.5689,5,0.0515,4,0.0412,63,0.6495,24,0.2474,40,24,1.6667,45,0.4639,1.0653,train,0
MAZE_00622,10621,15,15,225,97,128,0.5689,4,0.0412,3,0.0309,61,0.6289,28,0.2887,24,24,1,27,0.2784,0.6392,train,0
MAZE_00623,10622,15,15,225,97,128,0.5689,4,0.0412,3,0.0309,69,0.7113,20,0.2062,36,24,1.5,43,0.4433,0.9717,test,0
MAZE_00624,10623,15,15,225,97,128,0.5689,5,0.0515,4,0.0412,65,0.6701,22,0.2268,64,24,2.6667,85,0.8763,1.7715,train,2
MAZE_00625,10624,15,15,225,97,128,0.5689,5,0.0515,4,0.0412,67,0.6907,20,0.2062,52,24,2.1667,59,0.6082,1.3875,train,1
MAZE_00626,10625,15,15,225,97,128,0.5689,6,0.0619,5,0.0515,66,0.6804,19,0.1959,60,24,2.5,67,0.6907,1.5954,test,1
MAZE_00627,10626,15,15,225,97,128,0.5689,6,0.0619,5,0.0515,66,0.6804,19,0.1959,40,24,1.6667,51,0.5258,1.0962,train,0
MAZE_00628,10627,15,15,225,97,128,0.5689,3,0.0309,3,0.0309,64,0.6598,25,0.2577,84,24,3.5,97,1,2.25,train,2
MAZE_00629,10628,15,15,225,97,128,0.5689,5,0.0515,5,0.0515,62,0.6392,23,0.2371,44,24,1.8333,57,0.5876,1.2105,test,0
MAZE_00630,10629,15,15,225,97,128,0.5689,5,0.0515,4,0.0412,65,0.6701,22,0.2268,60,24,2.5,75,0.7732,1.6366,train,1
MAZE_00631,10630,15,15,225,97,128,0.5689,7,0.0722,6,0.0619,62,0.6392,21,0.2165,48,24,2,63,0.6495,1.3247,test,1
MAZE_00632,10631,15,15,225,97,128,0.5689,6,0.0619,5,0.0515,65,0.6701,20,0.2062,28,24,1.1667,31,0.3196,0.7431,train,0
MAZE_00633,10632,15,15,225,97,128,0.5689,5,0.0515,4,0.0412,69,0.7113,18,0.1856,44,24,1.8333,63,0.6495,1.2414,train,1
MAZE_00634,10633,15,15,225,97,128,0.5689,7,0.0722,7,0.0722,62,0.6392,19,0.1959,56,24,2.3333,79,0.8144,1.5738,train,1
MAZE_00635,10634,15,15,225,97,128,0.5689,4,0.0412,3,0.0309,73,0.7526,16,0.1649,56,24,2.3333,81,0.8351,1.5842,test,1
MAZE_00636,10635,15,15,225,97,128,0.5689,6,0.0619,6,0.0619,64,0.6598,19,0.1959,52,24,2.1667,79,0.8144,1.4906,train,1
MAZE_00637,10636,15,15,225,97,128,0.5689,7,0.0722,6,0.0619,61,0.6289,22,0.2268,32,24,1.3333,49,0.5052,0.9192,train,0
MAZE_00638,10637,15,15,225,97,128,0.5689,5,0.0515,4,0.0412,66,0.6804,21,0.2165,36,24,1.5,47,0.4845,0.9922,train,0
MAZE_00639,10638,15,15,225,97,128,0.5689,4,0.0412,4,0.0412,61,0.6289,26,0.268,56,24,2.3333,81,0.8351,1.5842,train,1
MAZE_00640,10639,15,15,225,97,128,0.5689,5,0.0515,4,0.0412,66,0.6804,21,0.2165,48,24,2,57,0.5876,1.2938,train,1
MAZE_00641,10640,15,15,225,97,128,0.5689,6,0.0619,5,0.0515,67,0.6907,18,0.1856,44,24,1.8333,47,0.4845,1.1589,train,0
MAZE_00642,10641,15,15,225,97,128,0.5689,6,0.0619,5,0.0515,64,0.6598,21,0.2165,48,24,2,61,0.6289,1.3144,train,1
MAZE_00643,10642,15,15,225,97,128,0.5689,7,0.0722,6,0.0619,61,0.6289,22,0.2268,32,24,1.3333,35,0.3608,0.847,train,0
MAZE_00644,10643,15,15,225,97,128,0.5689,6,0.0619,5,0.0515,63,0.6495,22,0.2268,48,24,2,67,0.6907,1.3454,train,1
MAZE_00645,10644,15,15,225,97,128,0.5689,4,0.0412,4,0.0412,66,0.6804,21,0.2165,68,24,2.8333,85,0.8763,1.8548,test,2
MAZE_00646,10645,15,15,225,97,128,0.5689,8,0.0825,7,0.0722,61,0.6289,20,0.2062,60,24,2.5,77,0.7938,1.6469,train,1
MAZE_00647,10646,15,15,225,97,128,0.5689,3,0.0309,3,0.0309,71,0.732,18,0.1856,48,24,2,61,0.6289,1.3144,test,1
MAZE_00648,10647,15,15,225,97,128,0.5689,6,0.0619,5,0.0515,64,0.6598,21,0.2165,24,24,1,35,0.3608,0.6804,train,0
MAZE_00649,10648,15,15,225,97,128,0.5689,4,0.0412,4,0.0412,59,0.6082,28,0.2887,60,24,2.5,73,0.7526,1.6263,train,1
MAZE_00650,10649,15,15,225,97,128,0.5689,6,0.0619,4,0.0412,65,0.6701,21,0.2165,48,24,2,61,0.6289,1.3144,train,1
MAZE_00651,10650,15,15,225,97,128,0.5689,6,0.0619,5,0.0515,63,0.6495,22,0.2268,40,24,1.6667,53,0.5464,1.1065,train,0
MAZE_00652,10651,15,15,225,97,128,0.5689,5,0.0515,4,0.0412,64,0.6598,23,0.2371,44,24,1.8333,49,0.5052,1.1692,train,0
MAZE_00653,10652,15,15,225,97,128,0.5689,5,0.0515,4,0.0412,67,0.6907,20,0.2062,32,24,1.3333,45,0.4639,0.8986,test,0
MAZE_00654,10653,15,15,225,97,128,0.5689,7,0.0722,6,0.0619,59,0.6082,24,0.2474,60,24,2.5,81,0.8351,1.6675,train,1
MAZE_00655,10654,15,15,225,97,128,0.5689,5,0.0515,4,0.0412,65,0.6701,22,0.2268,32,24,1.3333,39,0.4021,0.8677,train,0
MAZE_00656,10655,15,15,225,97,128,0.5689,4,0.0412,3,0.0309,64,0.6598,25,0.2577,32,24,1.3333,35,0.3608,0.847,train,0
MAZE_00657,10656,15,15,225,97,128,0.5689,4,0.0412,4,0.0412,63,0.6495,24,0.2474,68,24,2.8333,97,1,1.9166,train,2
MAZE_00658,10657,15,15,225,97,128,0.5689,6,0.0619,5,0.0515,66,0.6804,19,0.1959,52,24,2.1667,63,0.6495,1.4081,train,1
MAZE_00659,10658,15,15,225,97,128,0.5689,5,0.0515,4,0.0412,67,0.6907,20,0.2062,36,24,1.5,41,0.4227,0.9614,train,0
MAZE_00660,10659,15,15,225,97,128,0.5689,6,0.0619,5,0.0515,63,0.6495,22,0.2268,52,24,2.1667,61,0.6289,1.3978,train,1
MAZE_00661,10660,15,15,225,97,128,0.5689,5,0.0515,4,0.0412,68,0.701,19,0.1959,32,24,1.3333,37,0.3814,0.8573,train,0
MAZE_00662,10661,15,15,225,97,128,0.5689,5,0.0515,4,0.0412,64,0.6598,23,0.2371,32,24,1.3333,41,0.4227,0.878,train,0
MAZE_00663,10662,15,15,225,97,128,0.5689,5,0.0515,4,0.0412,65,0.6701,22,0.2268,60,24,2.5,73,0.7526,1.6263,train,1
MAZE_00664,10663,15,15,225,97,128,0.5689,3,0.0309,2,0.0206,66,0.6804,25,0.2577,72,24,3,77,0.7938,1.8969,train,2
MAZE_00665,10664,15,15,225,97,128,0.5689,5,0.0515,4,0.0412,67,0.6907,20,0.2062,28,24,1.1667,35,0.3608,0.7638,train,0
MAZE_00666,10665,15,15,225,97,128,0.5689,7,0.0722,6,0.0619,63,0.6495,20,0.2062,48,24,2,57,0.5876,1.2938,train,1
MAZE_00667,10666,15,15,225,97,128,0.5689,6,0.0619,5,0.0515,63,0.6495,22,0.2268,56,24,2.3333,75,0.7732,1.5533,train,1
MAZE_00668,10667,15,15,225,97,128,0.5689,5,0.0515,4,0.0412,68,0.701,19,0.1959,40,24,1.6667,45,0.4639,1.0653,train,0
MAZE_00669,10668,15,15,225,97,128,0.5689,5,0.0515,5,0.0515,64,0.6598,21,0.2165,52,24,2.1667,59,0.6082,1.3875,train,1
MAZE_00670,10669,15,15,225,97,128,0.5689,5,0.0515,4,0.0412,62,0.6392,25,0.2577,44,24,1.8333,53,0.5464,1.1898,train,0
MAZE_00671,10670,15,15,225,97,128,0.5689,6,0.0619,5,0.0515,63,0.6495,22,0.2268,40,24,1.6667,49,0.5052,1.0859,train,0
MAZE_00672,10671,15,15,225,97,128,0.5689,7,0.0722,6,0.0619,62,0.6392,21,0.2165,48,24,2,55,0.567,1.2835,train,1
MAZE_00673,10672,15,15,225,97,128,0.5689,6,0.0619,5,0.0515,62,0.6392,23,0.2371,24,24,1,27,0.2784,0.6392,train,0
MAZE_00674,10673,15,15,225,97,128,0.5689,6,0.0619,5,0.0515,60,0.6186,25,0.2577,48,24,2,55,0.567,1.2835,train,1
MAZE_00675,10674,15,15,225,97,128,0.5689,6,0.0619,6,0.0619,59,0.6082,24,0.2474,52,24,2.1667,69,0.7113,1.439,train,1
MAZE_00676,10675,15,15,225,97,128,0.5689,5,0.0515,4,0.0412,64,0.6598,23,0.2371,44,24,1.8333,55,0.567,1.2001,train,0
MAZE_00677,10676,15,15,225,97,128,0.5689,5,0.0515,5,0.0515,63,0.6495,22,0.2268,64,24,2.6667,97,1,1.8334,train,2
MAZE_00678,10677,15,15,225,97,128,0.5689,6,0.0619,5,0.0515,65,0.6701,20,0.2062,44,24,1.8333,51,0.5258,1.1795,train,0
MAZE_00679,10678,15,15,225,97,128,0.5689,5,0.0515,5,0.0515,62,0.6392,23,0.2371,28,24,1.1667,39,0.4021,0.7844,train,0
MAZE_00680,10679,15,15,225,97,128,0.5689,7,0.0722,6,0.0619,64,0.6598,19,0.1959,28,24,1.1667,31,0.3196,0.7431,train,0
MAZE_00681,10680,15,15,225,97,128,0.5689,6,0.0619,5,0.0515,59,0.6082,26,0.268,60,24,2.5,65,0.6701,1.5851,train,1
MAZE_00682,10681,15,15,225,97,128,0.5689,5,0.0515,4,0.0412,61,0.6289,26,0.268,36,24,1.5,47,0.4845,0.9922,test,0
MAZE_00683,10682,15,15,225,97,128,0.5689,4,0.0412,4,0.0412,60,0.6186,27,0.2784,60,24,2.5,95,0.9794,1.7397,train,1
MAZE_00684,10683,15,15,225,97,128,0.5689,4,0.0412,4,0.0412,68,0.701,19,0.1959,56,24,2.3333,93,0.9588,1.6461,train,1
MAZE_00685,10684,15,15,225,97,128,0.5689,5,0.0515,4,0.0412,62,0.6392,25,0.2577,56,24,2.3333,59,0.6082,1.4708,train,1
MAZE_00686,10685,15,15,225,97,128,0.5689,6,0.0619,6,0.0619,62,0.6392,21,0.2165,84,24,3.5,97,1,2.25,train,2
MAZE_00687,10686,15,15,225,97,128,0.5689,3,0.0309,2,0.0206,66,0.6804,25,0.2577,48,24,2,63,0.6495,1.3247,train,1
MAZE_00688,10687,15,15,225,97,128,0.5689,4,0.0412,4,0.0412,61,0.6289,26,0.268,28,24,1.1667,41,0.4227,0.7947,train,0
MAZE_00689,10688,15,15,225,97,128,0.5689,6,0.0619,6,0.0619,64,0.6598,19,0.1959,60,24,2.5,91,0.9381,1.719,train,1
MAZE_00690,10689,15,15,225,97,128,0.5689,5,0.0515,4,0.0412,61,0.6289,26,0.268,48,24,2,59,0.6082,1.3041,train,1
MAZE_00691,10690,15,15,225,97,128,0.5689,7,0.0722,6,0.0619,65,0.6701,18,0.1856,72,24,3,87,0.8969,1.9485,train,2
MAZE_00692,10691,15,15,225,97,128,0.5689,7,0.0722,6,0.0619,60,0.6186,23,0.2371,28,24,1.1667,31,0.3196,0.7431,test,0
MAZE_00693,10692,15,15,225,97,128,0.5689,6,0.0619,5,0.0515,56,0.5773,29,0.299,36,24,1.5,45,0.4639,0.9819,train,0
MAZE_00694,10693,15,15,225,97,128,0.5689,4,0.0412,3,0.0309,70,0.7216,19,0.1959,24,24,1,27,0.2784,0.6392,train,0
MAZE_00695,10694,15,15,225,97,128,0.5689,6,0.0619,4,0.0412,70,0.7216,16,0.1649,32,24,1.3333,41,0.4227,0.878,test,0
MAZE_00696,10695,15,15,225,97,128,0.5689,4,0.0412,4,0.0412,62,0.6392,25,0.2577,56,24,2.3333,93,0.9588,1.6461,test,1
MAZE_00697,10696,15,15,225,97,128,0.5689,6,0.0619,5,0.0515,68,0.701,17,0.1753,56,24,2.3333,85,0.8763,1.6048,train,1
MAZE_00698,10697,15,15,225,97,128,0.5689,4,0.0412,4,0.0412,64,0.6598,23,0.2371,40,24,1.6667,53,0.5464,1.1065,train,0
MAZE_00699,10698,15,15,225,97,128,0.5689,8,0.0825,7,0.0722,61,0.6289,20,0.2062,52,24,2.1667,67,0.6907,1.4287,test,1
MAZE_00700,10699,15,15,225,97,128,0.5689,6,0.0619,5,0.0515,61,0.6289,24,0.2474,40,24,1.6667,49,0.5052,1.0859,train,0
MAZE_00701,10700,15,15,225,97,128,0.5689,5,0.0515,4,0.0412,65,0.6701,22,0.2268,32,24,1.3333,37,0.3814,0.8573,train,0
MAZE_00702,10701,15,15,225,97,128,0.5689,5,0.0515,4,0.0412,62,0.6392,25,0.2577,44,24,1.8333,49,0.5052,1.1692,train,0
MAZE_00703,10702,15,15,225,97,128,0.5689,5,0.0515,5,0.0515,66,0.6804,19,0.1959,56,24,2.3333,79,0.8144,1.5738,train,1
MAZE_00704,10703,15,15,225,97,128,0.5689,5,0.0515,4,0.0412,63,0.6495,24,0.2474,68,24,2.8333,93,0.9588,1.8961,train,2
MAZE_00705,10704,15,15,225,97,128,0.5689,6,0.0619,6,0.0619,65,0.6701,18,0.1856,60,24,2.5,73,0.7526,1.6263,train,1
MAZE_00706,10705,15,15,225,97,128,0.5689,4,0.0412,4,0.0412,68,0.701,19,0.1959,64,24,2.6667,87,0.8969,1.7818,train,2
MAZE_00707,10706,15,15,225,97,128,0.5689,5,0.0515,4,0.0412,68,0.701,19,0.1959,64,24,2.6667,89,0.9175,1.7921,test,2
MAZE_00708,10707,15,15,225,97,128,0.5689,5,0.0515,4,0.0412,63,0.6495,24,0.2474,72,24,3,89,0.9175,1.9587,train,2
MAZE_00709,10708,15,15,225,97,128,0.5689,5,0.0515,4,0.0412,62,0.6392,25,0.2577,52,24,2.1667,61,0.6289,1.3978,train,1
MAZE_00710,10709,15,15,225,97,128,0.5689,4,0.0412,3,0.0309,60,0.6186,29,0.299,28,24,1.1667,41,0.4227,0.7947,train,0
MAZE_00711,10710,15,15,225,97,128,0.5689,5,0.0515,5,0.0515,62,0.6392,23,0.2371,44,24,1.8333,65,0.6701,1.2517,train,1
MAZE_00712,10711,15,15,225,97,128,0.5689,3,0.0309,3,0.0309,71,0.732,18,0.1856,84,24,3.5,97,1,2.25,train,2
MAZE_00713,10712,15,15,225,97,128,0.5689,5,0.0515,4,0.0412,66,0.6804,21,0.2165,32,24,1.3333,47,0.4845,0.9089,train,0
MAZE_00714,10713,15,15,225,97,128,0.5689,4,0.0412,3,0.0309,63,0.6495,26,0.268,28,24,1.1667,35,0.3608,0.7638,train,0
MAZE_00715,10714,15,15,225,97,128,0.5689,5,0.0515,5,0.0515,63,0.6495,22,0.2268,56,24,2.3333,79,0.8144,1.5738,train,1
MAZE_00716,10715,15,15,225,97,128,0.5689,5,0.0515,4,0.0412,71,0.732,16,0.1649,64,24,2.6667,93,0.9588,1.8128,train,2
MAZE_00717,10716,15,15,225,97,128,0.5689,5,0.0515,5,0.0515,62,0.6392,23,0.2371,48,24,2,83,0.8557,1.4279,train,1
MAZE_00718,10717,15,15,225,97,128,0.5689,5,0.0515,4,0.0412,62,0.6392,25,0.2577,60,24,2.5,69,0.7113,1.6057,train,1
MAZE_00719,10718,15,15,225,97,128,0.5689,6,0.0619,5,0.0515,65,0.6701,20,0.2062,40,24,1.6667,53,0.5464,1.1065,train,0
MAZE_00720,10719,15,15,225,97,128,0.5689,4,0.0412,3,0.0309,67,0.6907,22,0.2268,28,24,1.1667,39,0.4021,0.7844,train,0
MAZE_00721,10720,15,15,225,97,128,0.5689,5,0.0515,4,0.0412,64,0.6598,23,0.2371,44,24,1.8333,47,0.4845,1.1589,train,0
MAZE_00722,10721,15,15,225,97,128,0.5689,3,0.0309,2,0.0206,64,0.6598,27,0.2784,68,24,2.8333,79,0.8144,1.8238,train,2
MAZE_00723,10722,15,15,225,97,128,0.5689,7,0.0722,6,0.0619,63,0.6495,20,0.2062,68,24,2.8333,91,0.9381,1.8857,train,2
MAZE_00724,10723,15,15,225,97,128,0.5689,7,0.0722,7,0.0722,64,0.6598,17,0.1753,40,24,1.6667,57,0.5876,1.1272,train,0
MAZE_00725,10724,15,15,225,97,128,0.5689,4,0.0412,4,0.0412,62,0.6392,25,0.2577,32,24,1.3333,43,0.4433,0.8883,train,0
MAZE_00726,10725,15,15,225,97,128,0.5689,6,0.0619,5,0.0515,57,0.5876,28,0.2887,40,24,1.6667,47,0.4845,1.0756,train,0
MAZE_00727,10726,15,15,225,97,128,0.5689,6,0.0619,6,0.0619,64,0.6598,19,0.1959,68,24,2.8333,97,1,1.9166,train,2
MAZE_00728,10727,15,15,225,97,128,0.5689,8,0.0825,7,0.0722,62,0.6392,19,0.1959,48,24,2,73,0.7526,1.3763,train,1
MAZE_00729,10728,15,15,225,97,128,0.5689,6,0.0619,6,0.0619,64,0.6598,19,0.1959,40,24,1.6667,55,0.567,1.1168,train,0
MAZE_00730,10729,15,15,225,97,128,0.5689,4,0.0412,4,0.0412,64,0.6598,23,0.2371,76,24,3.1667,94,0.9691,2.0679,train,2
MAZE_00731,10730,15,15,225,97,128,0.5689,6,0.0619,5,0.0515,60,0.6186,25,0.2577,68,24,2.8333,81,0.8351,1.8342,train,2
MAZE_00732,10731,15,15,225,97,128,0.5689,5,0.0515,4,0.0412,65,0.6701,22,0.2268,52,24,2.1667,59,0.6082,1.3875,train,1
MAZE_00733,10732,15,15,225,97,128,0.5689,6,0.0619,5,0.0515,63,0.6495,22,0.2268,28,24,1.1667,39,0.4021,0.7844,test,0
MAZE_00734,10733,15,15,225,97,128,0.5689,6,0.0619,5,0.0515,67,0.6907,18,0.1856,36,24,1.5,41,0.4227,0.9614,train,0
MAZE_00735,10734,15,15,225,97,128,0.5689,5,0.0515,4,0.0412,66,0.6804,21,0.2165,48,24,2,61,0.6289,1.3144,test,1
MAZE_00736,10735,15,15,225,97,128,0.5689,5,0.0515,4,0.0412,65,0.6701,22,0.2268,68,24,2.8333,87,0.8969,1.8651,train,2
MAZE_00737,10736,15,15,225,97,128,0.5689,5,0.0515,5,0.0515,64,0.6598,21,0.2165,60,24,2.5,85,0.8763,1.6882,train,1
MAZE_00738,10737,15,15,225,97,128,0.5689,5,0.0515,4,0.0412,66,0.6804,21,0.2165,48,24,2,63,0.6495,1.3247,train,1
MAZE_00739,10738,15,15,225,97,128,0.5689,5,0.0515,5,0.0515,61,0.6289,24,0.2474,48,24,2,67,0.6907,1.3454,test,1
MAZE_00740,10739,15,15,225,97,128,0.5689,5,0.0515,4,0.0412,62,0.6392,25,0.2577,32,24,1.3333,37,0.3814,0.8573,train,0
MAZE_00741,10740,15,15,225,97,128,0.5689,6,0.0619,5,0.0515,69,0.7113,16,0.1649,32,24,1.3333,37,0.3814,0.8573,test,0
MAZE_00742,10741,15,15,225,97,128,0.5689,7,0.0722,6,0.0619,65,0.6701,18,0.1856,36,24,1.5,43,0.4433,0.9717,train,0
MAZE_00743,10742,15,15,225,97,128,0.5689,6,0.0619,5,0.0515,60,0.6186,25,0.2577,68,24,2.8333,95,0.9794,1.9063,train,2
MAZE_00744,10743,15,15,225,97,128,0.5689,7,0.0722,6,0.0619,60,0.6186,23,0.2371,44,24,1.8333,61,0.6289,1.2311,train,0
MAZE_00745,10744,15,15,225,97,128,0.5689,6,0.0619,5,0.0515,60,0.6186,25,0.2577,24,24,1,31,0.3196,0.6598,train,0
MAZE_00746,10745,15,15,225,97,128,0.5689,6,0.0619,5,0.0515,65,0.6701,20,0.2062,44,24,1.8333,61,0.6289,1.2311,train,0
MAZE_00747,10746,15,15,225,97,128,0.5689,5,0.0515,5,0.0515,65,0.6701,20,0.2062,48,24,2,75,0.7732,1.3866,train,1
MAZE_00748,10747,15,15,225,97,128,0.5689,5,0.0515,5,0.0515,60,0.6186,25,0.2577,52,24,2.1667,85,0.8763,1.5215,train,1
MAZE_00749,10748,15,15,225,97,128,0.5689,5,0.0515,5,0.0515,61,0.6289,24,0.2474,76,24,3.1667,97,1,2.0834,test,2
MAZE_00750,10749,15,15,225,97,128,0.5689,5,0.0515,5,0.0515,60,0.6186,25,0.2577,40,24,1.6667,57,0.5876,1.1272,train,0
MAZE_00751,10750,15,15,225,97,128,0.5689,5,0.0515,5,0.0515,66,0.6804,19,0.1959,44,24,1.8333,75,0.7732,1.3033,test,1
MAZE_00752,10751,15,15,225,97,128,0.5689,5,0.0515,5,0.0515,57,0.5876,28,0.2887,52,24,2.1667,73,0.7526,1.4597,train,1
MAZE_00753,10752,15,15,225,97,128,0.5689,5,0.0515,4,0.0412,61,0.6289,26,0.268,44,24,1.8333,49,0.5052,1.1692,train,0
MAZE_00754,10753,15,15,225,97,128,0.5689,3,0.0309,2,0.0206,63,0.6495,28,0.2887,32,24,1.3333,33,0.3402,0.8367,train,0
MAZE_00755,10754,15,15,225,97,128,0.5689,6,0.0619,5,0.0515,61,0.6289,24,0.2474,44,24,1.8333,47,0.4845,1.1589,train,0
MAZE_00756,10755,15,15,225,97,128,0.5689,5,0.0515,4,0.0412,61,0.6289,26,0.268,60,24,2.5,93,0.9588,1.7294,train,1
MAZE_00757,10756,15,15,225,97,128,0.5689,7,0.0722,6,0.0619,61,0.6289,22,0.2268,60,24,2.5,95,0.9794,1.7397,train,1
MAZE_00758,10757,15,15,225,97,128,0.5689,8,0.0825,7,0.0722,61,0.6289,20,0.2062,48,24,2,69,0.7113,1.3557,train,1
MAZE_00759,10758,15,15,225,97,128,0.5689,4,0.0412,3,0.0309,67,0.6907,22,0.2268,52,24,2.1667,67,0.6907,1.4287,train,1
MAZE_00760,10759,15,15,225,97,128,0.5689,4,0.0412,4,0.0412,67,0.6907,20,0.2062,40,24,1.6667,67,0.6907,1.1787,train,0
MAZE_00761,10760,15,15,225,97,128,0.5689,6,0.0619,5,0.0515,63,0.6495,21,0.2165,40,24,1.6667,65,0.6701,1.1684,train,0
MAZE_00762,10761,15,15,225,97,128,0.5689,4,0.0412,3,0.0309,65,0.6701,24,0.2474,44,24,1.8333,47,0.4845,1.1589,train,0
MAZE_00763,10762,15,15,225,97,128,0.5689,4,0.0412,4,0.0412,66,0.6804,21,0.2165,60,24,2.5,89,0.9175,1.7087,train,1
MAZE_00764,10763,15,15,225,97,128,0.5689,6,0.0619,5,0.0515,60,0.6186,25,0.2577,52,24,2.1667,63,0.6495,1.4081,train,1
MAZE_00765,10764,15,15,225,97,128,0.5689,5,0.0515,4,0.0412,65,0.6701,22,0.2268,36,24,1.5,45,0.4639,0.9819,train,0
MAZE_00766,10765,15,15,225,97,128,0.5689,5,0.0515,4,0.0412,61,0.6289,26,0.268,68,24,2.8333,95,0.9794,1.9063,test,2
MAZE_00767,10766,15,15,225,97,128,0.5689,7,0.0722,6,0.0619,62,0.6392,21,0.2165,44,24,1.8333,53,0.5464,1.1898,train,0
MAZE_00768,10767,15,15,225,97,128,0.5689,5,0.0515,4,0.0412,64,0.6598,23,0.2371,68,24,2.8333,87,0.8969,1.8651,train,2
MAZE_00769,10768,15,15,225,97,128,0.5689,3,0.0309,2,0.0206,66,0.6804,25,0.2577,48,24,2,51,0.5258,1.2629,train,1
MAZE_00770,10769,15,15,225,97,128,0.5689,8,0.0825,8,0.0825,61,0.6289,18,0.1856,56,24,2.3333,79,0.8144,1.5738,train,1
MAZE_00771,10770,15,15,225,97,128,0.5689,7,0.0722,6,0.0619,63,0.6495,20,0.2062,28,24,1.1667,31,0.3196,0.7431,train,0
MAZE_00772,10771,15,15,225,97,128,0.5689,6,0.0619,6,0.0619,64,0.6598,19,0.1959,48,24,2,75,0.7732,1.3866,train,1
MAZE_00773,10772,15,15,225,97,128,0.5689,5,0.0515,4,0.0412,65,0.6701,22,0.2268,64,24,2.6667,75,0.7732,1.72,train,1
MAZE_00774,10773,15,15,225,97,128,0.5689,6,0.0619,5,0.0515,62,0.6392,23,0.2371,36,24,1.5,55,0.567,1.0335,train,0
MAZE_00775,10774,15,15,225,97,128,0.5689,6,0.0619,5,0.0515,60,0.6186,25,0.2577,32,24,1.3333,45,0.4639,0.8986,train,0
MAZE_00776,10775,15,15,225,97,128,0.5689,4,0.0412,3,0.0309,71,0.732,18,0.1856,24,24,1,33,0.3402,0.6701,test,0
MAZE_00777,10776,15,15,225,97,128,0.5689,6,0.0619,5,0.0515,65,0.6701,20,0.2062,32,24,1.3333,39,0.4021,0.8677,train,0
MAZE_00778,10777,15,15,225,97,128,0.5689,5,0.0515,5,0.0515,66,0.6804,19,0.1959,44,24,1.8333,65,0.6701,1.2517,train,1
MAZE_00779,10778,15,15,225,97,128,0.5689,4,0.0412,4,0.0412,64,0.6598,23,0.2371,64,24,2.6667,81,0.8351,1.7509,train,2
MAZE_00780,10779,15,15,225,97,128,0.5689,10,0.1031,10,0.1031,55,0.567,20,0.2062,28,24,1.1667,39,0.4021,0.7844,train,0
MAZE_00781,10780,15,15,225,97,128,0.5689,6,0.0619,5,0.0515,65,0.6701,20,0.2062,28,24,1.1667,41,0.4227,0.7947,test,0
MAZE_00782,10781,15,15,225,97,128,0.5689,7,0.0722,6,0.0619,69,0.7113,14,0.1443,28,24,1.1667,31,0.3196,0.7431,test,0
MAZE_00783,10782,15,15,225,97,128,0.5689,4,0.0412,4,0.0412,67,0.6907,20,0.2062,52,24,2.1667,67,0.6907,1.4287,train,1
MAZE_00784,10783,15,15,225,97,128,0.5689,6,0.0619,6,0.0619,62,0.6392,21,0.2165,60,24,2.5,87,0.8969,1.6985,train,1
MAZE_00785,10784,15,15,225,97,128,0.5689,4,0.0412,3,0.0309,65,0.6701,24,0.2474,80,24,3.3333,95,0.9794,2.1563,test,2
MAZE_00786,10785,15,15,225,97,128,0.5689,3,0.0309,2,0.0206,65,0.6701,26,0.268,36,24,1.5,39,0.4021,0.951,train,0
MAZE_00787,10786,15,15,225,97,128,0.5689,5,0.0515,4,0.0412,66,0.6804,21,0.2165,52,24,2.1667,79,0.8144,1.4906,train,1
MAZE_00788,10787,15,15,225,97,128,0.5689,4,0.0412,4,0.0412,64,0.6598,23,0.2371,36,24,1.5,45,0.4639,0.9819,train,0
MAZE_00789,10788,15,15,225,97,128,0.5689,5,0.0515,4,0.0412,69,0.7113,18,0.1856,52,24,2.1667,61,0.6289,1.3978,train,1
MAZE_00790,10789,15,15,225,97,128,0.5689,6,0.0619,5,0.0515,57,0.5876,28,0.2887,40,24,1.6667,55,0.567,1.1168,train,0
MAZE_00791,10790,15,15,225,97,128,0.5689,6,0.0619,5,0.0515,64,0.6598,21,0.2165,32,24,1.3333,49,0.5052,0.9192,train,0
MAZE_00792,10791,15,15,225,97,128,0.5689,4,0.0412,4,0.0412,65,0.6701,22,0.2268,64,24,2.6667,83,0.8557,1.7612,train,2
MAZE_00793,10792,15,15,225,97,128,0.5689,3,0.0309,3,0.0309,68,0.701,21,0.2165,80,24,3.3333,97,1,2.1666,train,2
MAZE_00794,10793,15,15,225,97,128,0.5689,6,0.0619,5,0.0515,63,0.6495,22,0.2268,44,24,1.8333,55,0.567,1.2001,train,0
MAZE_00795,10794,15,15,225,97,128,0.5689,7,0.0722,6,0.0619,62,0.6392,21,0.2165,28,24,1.1667,31,0.3196,0.7431,test,0
MAZE_00796,10795,15,15,225,97,128,0.5689,5,0.0515,4,0.0412,73,0.7526,14,0.1443,52,24,2.1667,69,0.7113,1.439,train,1
MAZE_00797,10796,15,15,225,97,128,0.5689,5,0.0515,5,0.0515,59,0.6082,26,0.268,44,24,1.8333,53,0.5464,1.1898,train,0
MAZE_00798,10797,15,15,225,97,128,0.5689,5,0.0515,4,0.0412,60,0.6186,27,0.2784,28,24,1.1667,35,0.3608,0.7638,train,0
MAZE_00799,10798,15,15,225,97,128,0.5689,6,0.0619,5,0.0515,66,0.6804,19,0.1959,48,24,2,59,0.6082,1.3041,train,1
MAZE_00800,10799,15,15,225,97,128,0.5689,7,0.0722,6,0.0619,61,0.6289,22,0.2268,52,24,2.1667,73,0.7526,1.4597,train,1
MAZE_00801,10800,21,21,441,199,242,0.5488,10,0.0503,10,0.0503,126,0.6332,51,0.2563,152,36,4.2222,199,1,2.6111,train,2
MAZE_00802,10801,21,21,441,199,242,0.5488,12,0.0603,11,0.0553,131,0.6583,44,0.2211,120,36,3.3333,145,0.7286,2.0309,test,2
MAZE_00803,10802,21,21,441,199,242,0.5488,12,0.0603,11,0.0553,135,0.6784,39,0.196,96,36,2.6667,133,0.6683,1.6675,train,1
MAZE_00804,10803,21,21,441,199,242,0.5488,11,0.0553,10,0.0503,127,0.6382,49,0.2462,108,36,3,141,0.7085,1.8542,train,2
MAZE_00805,10804,21,21,441,199,242,0.5488,11,0.0553,11,0.0553,127,0.6382,48,0.2412,116,36,3.2222,195,0.9799,2.101,train,2
MAZE_00806,10805,21,21,441,199,242,0.5488,11,0.0553,11,0.0553,127,0.6382,48,0.2412,64,36,1.7778,121,0.608,1.1929,test,0
MAZE_00807,10806,21,21,441,199,242,0.5488,9,0.0452,9,0.0452,132,0.6633,47,0.2362,88,36,2.4444,115,0.5779,1.5111,train,1
MAZE_00808,10807,21,21,441,199,242,0.5488,11,0.0553,9,0.0452,129,0.6482,49,0.2462,72,36,2,79,0.397,1.1985,train,0
MAZE_00809,10808,21,21,441,199,242,0.5488,10,0.0503,9,0.0452,132,0.6633,47,0.2362,104,36,2.8889,123,0.6181,1.7535,test,2
MAZE_00810,10809,21,21,441,199,242,0.5488,10,0.0503,9,0.0452,137,0.6884,42,0.2111,132,36,3.6667,197,0.9899,2.3283,train,2
MAZE_00811,10810,21,21,441,199,242,0.5488,9,0.0452,8,0.0402,131,0.6583,50,0.2513,72,36,2,107,0.5377,1.2689,test,1
MAZE_00812,10811,21,21,441,199,242,0.5488,13,0.0653,13,0.0653,129,0.6482,42,0.2111,112,36,3.1111,159,0.799,1.955,train,2
MAZE_00813,10812,21,21,441,199,242,0.5488,7,0.0352,6,0.0302,135,0.6784,50,0.2513,88,36,2.4444,91,0.4573,1.4508,train,1
MAZE_00814,10813,21,21,441,199,242,0.5488,7,0.0352,6,0.0302,138,0.6935,47,0.2362,100,36,2.7778,151,0.7588,1.7683,train,2
MAZE_00815,10814,21,21,441,199,242,0.5488,9,0.0452,8,0.0402,130,0.6533,51,0.2563,60,36,1.6667,69,0.3467,1.0067,test,0
MAZE_00816,10815,21,21,441,199,242,0.5488,9,0.0452,9,0.0452,138,0.6935,41,0.206,152,36,4.2222,199,1,2.6111,train,2
MAZE_00817,10816,21,21,441,199,242,0.5488,11,0.0553,10,0.0503,133,0.6683,44,0.2211,76,36,2.1111,105,0.5276,1.3194,train,1
MAZE_00818,10817,21,21,441,199,242,0.5488,9,0.0452,8,0.0402,130,0.6533,51,0.2563,148,36,4.1111,187,0.9397,2.5254,train,2
MAZE_00819,10818,21,21,441,199,242,0.5488,9,0.0452,8,0.0402,128,0.6432,53,0.2663,52,36,1.4444,63,0.3166,0.8805,test,0
MAZE_00820,10819,21,21,441,199,242,0.5488,9,0.0452,8,0.0402,134,0.6734,47,0.2362,52,36,1.4444,67,0.3367,0.8905,train,0
MAZE_00821,10820,21,21,441,199,242,0.5488,11,0.0553,11,0.0553,134,0.6734,41,0.206,140,36,3.8889,193,0.9698,2.4293,train,2
MAZE_00822,10821,21,21,441,199,242,0.5488,8,0.0402,7,0.0352,125,0.6281,58,0.2915,76,36,2.1111,87,0.4372,1.2741,train,1
MAZE_00823,10822,21,21,441,199,242,0.5488,11,0.0553,11,0.0553,134,0.6734,41,0.206,80,36,2.2222,109,0.5477,1.3849,train,1
MAZE_00824,10823,21,21,441,199,242,0.5488,11,0.0553,11,0.0553,129,0.6482,46,0.2312,88,36,2.4444,137,0.6884,1.5664,train,1
MAZE_00825,10824,21,21,441,199,242,0.5488,10,0.0503,9,0.0452,129,0.6482,50,0.2513,80,36,2.2222,87,0.4372,1.3297,test,1
MAZE_00826,10825,21,21,441,199,242,0.5488,10,0.0503,9,0.0452,124,0.6231,55,0.2764,44,36,1.2222,47,0.2362,0.7292,train,0
MAZE_00827,10826,21,21,441,199,242,0.5488,10,0.0503,9,0.0452,131,0.6583,47,0.2362,144,36,4,195,0.9799,2.4899,test,2
MAZE_00828,10827,21,21,441,199,242,0.5488,9,0.0452,8,0.0402,137,0.6884,44,0.2211,96,36,2.6667,185,0.9296,1.7982,train,2
MAZE_00829,10828,21,21,441,199,242,0.5488,7,0.0352,6,0.0302,138,0.6935,47,0.2362,160,36,4.4444,185,0.9296,2.687,test,2
MAZE_00830,10829,21,21,441,199,242,0.5488,9,0.0452,8,0.0402,128,0.6432,53,0.2663,96,36,2.6667,129,0.6482,1.6575,train,1
MAZE_00831,10830,21,21,441,199,242,0.5488,6,0.0302,6,0.0302,137,0.6884,48,0.2412,112,36,3.1111,145,0.7286,1.9199,test,2
MAZE_00832,10831,21,21,441,199,242,0.5488,14,0.0704,13,0.0653,128,0.6432,43,0.2161,60,36,1.6667,83,0.4171,1.0419,train,0
MAZE_00833,10832,21,21,441,199,242,0.5488,7,0.0352,6,0.0302,130,0.6533,55,0.2764,108,36,3,151,0.7588,1.8794,train,2
MAZE_00834,10833,21,21,441,199,242,0.5488,7,0.0352,7,0.0352,135,0.6784,48,0.2412,156,36,4.3333,199,1,2.6667,train,2
MAZE_00835,10834,21,21,441,199,242,0.5488,11,0.0553,10,0.0503,129,0.6482,48,0.2412,80,36,2.2222,101,0.5075,1.3648,test,1
MAZE_00836,10835,21,21,441,199,242,0.5488,11,0.0553,10,0.0503,123,0.6181,54,0.2714,64,36,1.7778,83,0.4171,1.0975,train,0
MAZE_00837,10836,21,21,441,199,242,0.5488,10,0.0503,9,0.0452,129,0.6482,50,0.2513,52,36,1.4444,61,0.3065,0.8754,train,0
MAZE_00838,10837,21,21,441,199,242,0.5488,9,0.0452,8,0.0402,131,0.6583,50,0.2513,88,36,2.4444,115,0.5779,1.5111,test,1
MAZE_00839,10838,21,21,441,199,242,0.5488,13,0.0653,12,0.0603,136,0.6834,37,0.1859,84,36,2.3333,113,0.5678,1.4506,train,1
MAZE_00840,10839,21,21,441,199,242,0.5488,9,0.0452,8,0.0402,134,0.6734,47,0.2362,132,36,3.6667,187,0.9397,2.3032,train,2
MAZE_00841,10840,21,21,441,199,242,0.5488,8,0.0402,6,0.0302,139,0.6985,45,0.2261,56,36,1.5556,71,0.3568,0.9562,test,0
MAZE_00842,10841,21,21,441,199,242,0.5488,10,0.0503,9,0.0452,128,0.6432,51,0.2563,96,36,2.6667,133,0.6683,1.6675,train,1
MAZE_00843,10842,21,21,441,199,242,0.5488,10,0.0503,9,0.0452,130,0.6533,48,0.2412,56,36,1.5556,85,0.4271,0.9914,train,0
MAZE_00844,10843,21,21,441,199,242,0.5488,15,0.0754,13,0.0653,131,0.6583,39,0.196,52,36,1.4444,63,0.3166,0.8805,train,0
MAZE_00845,10844,21,21,441,199,242,0.5488,10,0.0503,9,0.0452,134,0.6734,45,0.2261,124,36,3.4444,157,0.7889,2.1166,train,2
MAZE_00846,10845,21,21,441,199,242,0.5488,13,0.0653,12,0.0603,128,0.6432,45,0.2261,92,36,2.5556,133,0.6683,1.6119,test,1
MAZE_00847,10846,21,21,441,199,242,0.5488,10,0.0503,9,0.0452,129,0.6482,50,0.2513,100,36,2.7778,113,0.5678,1.6728,train,1
MAZE_00848,10847,21,21,441,199,242,0.5488,7,0.0352,6,0.0302,135,0.6784,50,0.2513,92,36,2.5556,129,0.6482,1.6019,train,1
MAZE_00849,10848,21,21,441,199,242,0.5488,12,0.0603,11,0.0553,122,0.6131,53,0.2663,68,36,1.8889,77,0.3869,1.1379,train,0
MAZE_00850,10849,21,21,441,199,242,0.5488,13,0.0653,12,0.0603,131,0.6583,42,0.2111,48,36,1.3333,71,0.3568,0.845,train,0
MAZE_00851,10850,21,21,441,199,242,0.5488,15,0.0754,14,0.0704,128,0.6432,41,0.206,124,36,3.4444,197,0.9899,2.2172,train,2
MAZE_00852,10851,21,21,441,199,242,0.5488,10,0.0503,9,0.0452,136,0.6834,43,0.2161,128,36,3.5556,197,0.9899,2.2728,train,2
MAZE_00853,10852,21,21,441,199,242,0.5488,8,0.0402,7,0.0352,131,0.6583,52,0.2613,96,36,2.6667,145,0.7286,1.6977,train,1
MAZE_00854,10853,21,21,441,199,242,0.5488,11,0.0553,11,0.0553,135,0.6784,40,0.201,100,36,2.7778,127,0.6382,1.708,train,1
MAZE_00855,10854,21,21,441,199,242,0.5488,10,0.0503,9,0.0452,134,0.6734,45,0.2261,148,36,4.1111,181,0.9095,2.5103,train,2
MAZE_00856,10855,21,21,441,199,242,0.5488,11,0.0553,10,0.0503,131,0.6583,46,0.2312,64,36,1.7778,79,0.397,1.0874,train,0
MAZE_00857,10856,21,21,441,199,242,0.5488,11,0.0553,10,0.0503,129,0.6482,48,0.2412,116,36,3.2222,153,0.7688,1.9955,train,2
MAZE_00858,10857,21,21,441,199,242,0.5488,11,0.0553,10,0.0503,126,0.6332,51,0.2563,84,36,2.3333,103,0.5176,1.4254,test,1
MAZE_00859,10858,21,21,441,199,242,0.5488,11,0.0553,10,0.0503,128,0.6432,49,0.2462,92,36,2.5556,121,0.608,1.5818,train,1
MAZE_00860,10859,21,21,441,199,242,0.5488,10,0.0503,9,0.0452,132,0.6633,47,0.2362,92,36,2.5556,141,0.7085,1.6321,train,1
MAZE_00861,10860,21,21,441,199,242,0.5488,9,0.0452,9,0.0452,135,0.6784,44,0.2211,100,36,2.7778,117,0.5879,1.6828,train,1
MAZE_00862,10861,21,21,441,199,242,0.5488,12,0.0603,12,0.0603,123,0.6181,50,0.2513,56,36,1.5556,97,0.4874,1.0215,test,0
MAZE_00863,10862,21,21,441,199,242,0.5488,11,0.0553,10,0.0503,128,0.6432,49,0.2462,84,36,2.3333,111,0.5578,1.4455,train,1
MAZE_00864,10863,21,21,441,199,242,0.5488,13,0.0653,12,0.0603,129,0.6482,43,0.2161,60,36,1.6667,95,0.4774,1.072,train,0
MAZE_00865,10864,21,21,441,199,242,0.5488,9,0.0452,8,0.0402,129,0.6482,52,0.2613,140,36,3.8889,195,0.9799,2.4344,train,2
MAZE_00866,10865,21,21,441,199,242,0.5488,9,0.0452,8,0.0402,138,0.6935,43,0.2161,72,36,2,93,0.4673,1.2336,train,1
MAZE_00867,10866,21,21,441,199,242,0.5488,9,0.0452,8,0.0402,138,0.6935,43,0.2161,36,36,1,49,0.2462,0.6231,train,0
MAZE_00868,10867,21,21,441,199,242,0.5488,12,0.0603,11,0.0553,127,0.6382,48,0.2412,44,36,1.2222,61,0.3065,0.7643,train,0
MAZE_00869,10868,21,21,441,199,242,0.5488,12,0.0603,11,0.0553,126,0.6332,49,0.2462,60,36,1.6667,87,0.4372,1.0519,train,0
MAZE_00870,10869,21,21,441,199,242,0.5488,10,0.0503,8,0.0402,131,0.6583,49,0.2462,92,36,2.5556,115,0.5779,1.5668,train,1
MAZE_00871,10870,21,21,441,199,242,0.5488,10,0.0503,9,0.0452,132,0.6633,47,0.2362,60,36,1.6667,77,0.3869,1.0268,train,0
MAZE_00872,10871,21,21,441,199,242,0.5488,9,0.0452,9,0.0452,125,0.6281,54,0.2714,104,36,2.8889,147,0.7387,1.8138,train,2
MAZE_00873,10872,21,21,441,199,242,0.5488,9,0.0452,9,0.0452,134,0.6734,45,0.2261,100,36,2.7778,139,0.6985,1.7382,train,1
MAZE_00874,10873,21,21,441,199,242,0.5488,7,0.0352,6,0.0302,138,0.6935,47,0.2362,56,36,1.5556,77,0.3869,0.9713,train,0
MAZE_00875,10874,21,21,441,199,242,0.5488,11,0.0553,10,0.0503,133,0.6683,44,0.2211,104,36,2.8889,171,0.8593,1.8741,train,2
MAZE_00876,10875,21,21,441,199,242,0.5488,9,0.0452,8,0.0402,133,0.6683,48,0.2412,136,36,3.7778,191,0.9598,2.3688,test,2
MAZE_00877,10876,21,21,441,199,242,0.5488,8,0.0402,7,0.0352,131,0.6583,52,0.2613,60,36,1.6667,85,0.4271,1.0469,train,0
MAZE_00878,10877,21,21,441,199,242,0.5488,10,0.0503,9,0.0452,132,0.6633,47,0.2362,56,36,1.5556,91,0.4573,1.0065,train,0
MAZE_00879,10878,21,21,441,199,242,0.5488,14,0.0704,13,0.0653,131,0.6583,40,0.201,112,36,3.1111,189,0.9497,2.0304,train,2
MAZE_00880,10879,21,21,441,199,242,0.5488,11,0.0553,10,0.0503,124,0.6231,53,0.2663,92,36,2.5556,111,0.5578,1.5567,train,1
MAZE_00881,10880,21,21,441,199,242,0.5488,11,0.0553,11,0.0553,125,0.6281,50,0.2513,144,36,4,199,1,2.5,train,2
MAZE_00882,10881,21,21,441,199,242,0.5488,11,0.0553,9,0.0452,127,0.6382,51,0.2563,112,36,3.1111,179,0.8995,2.0053,test,2
MAZE_00883,10882,21,21,441,199,242,0.5488,10,0.0503,9,0.0452,133,0.6683,46,0.2312,124,36,3.4444,185,0.9296,2.187,train,2
MAZE_00884,10883,21,21,441,199,242,0.5488,12,0.0603,10,0.0503,129,0.6482,47,0.2362,88,36,2.4444,101,0.5075,1.4759,train,1
MAZE_00885,10884,21,21,441,199,242,0.5488,10,0.0503,9,0.0452,128,0.6432,51,0.2563,56,36,1.5556,75,0.3769,0.9663,test,0
MAZE_00886,10885,21,21,441,199,242,0.5488,12,0.0603,11,0.0553,128,0.6432,47,0.2362,124,36,3.4444,143,0.7186,2.0815,test,2
MAZE_00887,10886,21,21,441,199,242,0.5488,12,0.0603,11,0.0553,129,0.6482,46,0.2312,124,36,3.4444,169,0.8492,2.1468,test,2
MAZE_00888,10887,21,21,441,199,242,0.5488,12,0.0603,11,0.0553,129,0.6482,46,0.2312,80,36,2.2222,123,0.6181,1.4202,train,1
MAZE_00889,10888,21,21,441,199,242,0.5488,12,0.0603,11,0.0553,131,0.6583,44,0.2211,64,36,1.7778,95,0.4774,1.1276,train,0
MAZE_00890,10889,21,21,441,199,242,0.5488,8,0.0402,8,0.0402,128,0.6432,53,0.2663,68,36,1.8889,85,0.4271,1.158,train,0
MAZE_00891,10890,21,21,441,199,242,0.5488,7,0.0352,6,0.0302,137,0.6884,48,0.2412,64,36,1.7778,83,0.4171,1.0975,train,0
MAZE_00892,10891,21,21,441,199,242,0.5488,7,0.0352,7,0.0352,133,0.6683,50,0.2513,116,36,3.2222,199,1,2.1111,test,2
MAZE_00893,10892,21,21,441,199,242,0.5488,13,0.0653,13,0.0653,130,0.6533,41,0.206,84,36,2.3333,115,0.5779,1.4556,train,1
MAZE_00894,10893,21,21,441,199,242,0.5488,13,0.0653,12,0.0603,131,0.6583,42,0.2111,88,36,2.4444,127,0.6382,1.5413,train,1
MAZE_00895,10894,21,21,441,199,242,0.5488,11,0.0553,11,0.0553,139,0.6985,36,0.1809,64,36,1.7778,87,0.4372,1.1075,train,0
MAZE_00896,10895,21,21,441,199,242,0.5488,11,0.0553,10,0.0503,130,0.6533,47,0.2362,116,36,3.2222,179,0.8995,2.0608,train,2
MAZE_00897,10896,21,21,441,199,242,0.5488,13,0.0653,12,0.0603,124,0.6231,49,0.2462,56,36,1.5556,75,0.3769,0.9663,test,0
MAZE_00898,10897,21,21,441,199,242,0.5488,12,0.0603,11,0.0553,130,0.6533,45,0.2261,52,36,1.4444,61,0.3065,0.8754,train,0
MAZE_00899,10898,21,21,441,199,242,0.5488,12,0.0603,10,0.0503,134,0.6734,41,0.206,108,36,3,153,0.7688,1.8844,train,2
MAZE_00900,10899,21,21,441,199,242,0.5488,13,0.0653,12,0.0603,134,0.6734,39,0.196,60,36,1.6667,69,0.3467,1.0067,train,0
MAZE_00901,10900,21,21,441,199,242,0.5488,9,0.0452,8,0.0402,128,0.6432,53,0.2663,128,36,3.5556,155,0.7789,2.1673,train,2
MAZE_00902,10901,21,21,441,199,242,0.5488,8,0.0402,8,0.0402,129,0.6482,52,0.2613,64,36,1.7778,79,0.397,1.0874,train,0
MAZE_00903,10902,21,21,441,199,242,0.5488,11,0.0553,10,0.0503,143,0.7186,34,0.1709,76,36,2.1111,91,0.4573,1.2842,train,1
MAZE_00904,10903,21,21,441,199,242,0.5488,10,0.0503,8,0.0402,130,0.6533,50,0.2513,96,36,2.6667,121,0.608,1.6374,test,1
MAZE_00905,10904,21,21,441,199,242,0.5488,11,0.0553,9,0.0452,129,0.6482,49,0.2462,88,36,2.4444,105,0.5276,1.486,train,1
MAZE_00906,10905,21,21,441,199,242,0.5488,12,0.0603,11,0.0553,127,0.6382,48,0.2412,56,36,1.5556,73,0.3668,0.9612,train,0
MAZE_00907,10906,21,21,441,199,242,0.5488,10,0.0503,9,0.0452,129,0.6482,50,0.2513,88,36,2.4444,115,0.5779,1.5111,test,1
MAZE_00908,10907,21,21,441,199,242,0.5488,13,0.0653,13,0.0653,120,0.603,51,0.2563,76,36,2.1111,123,0.6181,1.3646,train,1
MAZE_00909,10908,21,21,441,199,242,0.5488,11,0.0553,10,0.0503,123,0.6181,54,0.2714,48,36,1.3333,61,0.3065,0.8199,train,0
MAZE_00910,10909,21,21,441,199,242,0.5488,9,0.0452,9,0.0452,134,0.6734,45,0.2261,116,36,3.2222,199,1,2.1111,train,2
MAZE_00911,10910,21,21,441,199,242,0.5488,11,0.0553,9,0.0452,133,0.6683,45,0.2261,132,36,3.6667,171,0.8593,2.263,test,2
MAZE_00912,10911,21,21,441,199,242,0.5488,12,0.0603,11,0.0553,133,0.6683,42,0.2111,108,36,3,155,0.7789,1.8895,train,2
MAZE_00913,10912,21,21,441,199,242,0.5488,13,0.0653,12,0.0603,123,0.6181,50,0.2513,108,36,3,143,0.7186,1.8593,train,2
MAZE_00914,10913,21,21,441,199,242,0.5488,11,0.0553,9,0.0452,132,0.6633,46,0.2312,84,36,2.3333,93,0.4673,1.4003,test,1
MAZE_00915,10914,21,21,441,199,242,0.5488,7,0.0352,6,0.0302,126,0.6332,59,0.2965,64,36,1.7778,85,0.4271,1.1024,train,0
MAZE_00916,10915,21,21,441,199,242,0.5488,12,0.0603,12,0.0603,130,0.6533,43,0.2161,96,36,2.6667,125,0.6281,1.6474,test,1
MAZE_00917,10916,21,21,441,199,242,0.5488,10,0.0503,9,0.0452,138,0.6935,41,0.206,112,36,3.1111,139,0.6985,1.9048,test,2
MAZE_00918,10917,21,21,441,199,242,0.5488,11,0.0553,10,0.0503,133,0.6683,44,0.2211,48,36,1.3333,57,0.2864,0.8098,train,0
MAZE_00919,10918,21,21,441,199,242,0.5488,12,0.0603,11,0.0553,134,0.6734,41,0.206,116,36,3.2222,169,0.8492,2.0357,train,2
MAZE_00920,10919,21,21,441,199,242,0.5488,13,0.0653,13,0.0653,131,0.6583,40,0.201,84,36,2.3333,119,0.598,1.4656,test,1
MAZE_00921,10920,21,21,441,199,242,0.5488,9,0.0452,8,0.0402,130,0.6533,51,0.2563,120,36,3.3333,151,0.7588,2.0461,train,2
MAZE_00922,10921,21,21,441,199,242,0.5488,9,0.0452,9,0.0452,134,0.6734,45,0.2261,140,36,3.8889,179,0.8995,2.3942,train,2
MAZE_00923,10922,21,21,441,199,242,0.5488,14,0.0704,13,0.0653,136,0.6834,35,0.1759,92,36,2.5556,125,0.6281,1.5918,train,1
MAZE_00924,10923,21,21,441,199,242,0.5488,12,0.0603,12,0.0603,127,0.6382,46,0.2312,64,36,1.7778,75,0.3769,1.0774,train,0
MAZE_00925,10924,21,21,441,199,242,0.5488,12,0.0603,11,0.0553,135,0.6784,40,0.201,52,36,1.4444,55,0.2764,0.8604,train,0
MAZE_00926,10925,21,21,441,199,242,0.5488,9,0.0452,8,0.0402,134,0.6734,47,0.2362,160,36,4.4444,197,0.9899,2.7172,train,2
MAZE_00927,10926,21,21,441,199,242,0.5488,13,0.0653,12,0.0603,121,0.608,52,0.2613,128,36,3.5556,189,0.9497,2.2527,test,2
MAZE_00928,10927,21,21,441,199,242,0.5488,12,0.0603,11,0.0553,136,0.6834,39,0.196,84,36,2.3333,133,0.6683,1.5008,train,1
MAZE_00929,10928,21,21,441,199,242,0.5488,12,0.0603,10,0.0503,127,0.6382,49,0.2462,84,36,2.3333,101,0.5075,1.4204,train,1
MAZE_00930,10929,21,21,441,199,242,0.5488,13,0.0653,12,0.0603,124,0.6231,48,0.2412,92,36,2.5556,109,0.5477,1.5516,train,1
MAZE_00931,10930,21,21,441,199,242,0.5488,12,0.0603,10,0.0503,132,0.6633,44,0.2211,80,36,2.2222,111,0.5578,1.39,test,1
MAZE_00932,10931,21,21,441,199,242,0.5488,12,0.0603,11,0.0553,135,0.6784,40,0.201,72,36,2,111,0.5578,1.2789,train,1
MAZE_00933,10932,21,21,441,199,242,0.5488,10,0.0503,9,0.0452,136,0.6834,43,0.2161,88,36,2.4444,119,0.598,1.5212,test,1
MAZE_00934,10933,21,21,441,199,242,0.5488,9,0.0452,8,0.0402,140,0.7035,41,0.206,52,36,1.4444,61,0.3065,0.8754,test,0
MAZE_00935,10934,21,21,441,199,242,0.5488,7,0.0352,6,0.0302,137,0.6884,48,0.2412,80,36,2.2222,89,0.4472,1.3347,train,1
MAZE_00936,10935,21,21,441,199,242,0.5488,11,0.0553,11,0.0553,130,0.6533,45,0.2261,64,36,1.7778,79,0.397,1.0874,train,0
MAZE_00937,10936,21,21,441,199,242,0.5488,11,0.0553,10,0.0503,128,0.6432,49,0.2462,112,36,3.1111,135,0.6784,1.8947,train,2
MAZE_00938,10937,21,21,441,199,242,0.5488,12,0.0603,12,0.0603,127,0.6382,46,0.2312,108,36,3,135,0.6784,1.8392,train,2
MAZE_00939,10938,21,21,441,199,242,0.5488,11,0.0553,10,0.0503,131,0.6583,46,0.2312,68,36,1.8889,97,0.4874,1.1882,test,0
MAZE_00940,10939,21,21,441,199,242,0.5488,12,0.0603,12,0.0603,126,0.6332,47,0.2362,108,36,3,131,0.6583,1.8292,train,2
MAZE_00941,10940,21,21,441,199,242,0.5488,12,0.0603,11,0.0553,130,0.6533,45,0.2261,132,36,3.6667,177,0.8894,2.278,test,2
MAZE_00942,10941,21,21,441,199,242,0.5488,8,0.0402,7,0.0352,137,0.6884,46,0.2312,80,36,2.2222,107,0.5377,1.38,train,1
MAZE_00943,10942,21,21,441,199,242,0.5488,10,0.0503,10,0.0503,133,0.6683,44,0.2211,76,36,2.1111,151,0.7588,1.4349,train,1
MAZE_00944,10943,21,21,441,199,242,0.5488,11,0.0553,10,0.0503,131,0.6583,46,0.2312,96,36,2.6667,129,0.6482,1.6575,train,1
MAZE_00945,10944,21,21,441,199,242,0.5488,8,0.0402,7,0.0352,134,0.6734,49,0.2462,108,36,3,133,0.6683,1.8341,train,2
MAZE_00946,10945,21,21,441,199,242,0.5488,10,0.0503,10,0.0503,133,0.6683,44,0.2211,92,36,2.5556,137,0.6884,1.622,train,1
MAZE_00947,10946,21,21,441,199,242,0.5488,9,0.0452,8,0.0402,130,0.6533,51,0.2563,140,36,3.8889,163,0.8191,2.354,train,2
MAZE_00948,10947,21,21,441,199,242,0.5488,11,0.0553,10,0.0503,136,0.6834,41,0.206,84,36,2.3333,103,0.5176,1.4254,train,1
MAZE_00949,10948,21,21,441,199,242,0.5488,12,0.0603,11,0.0553,125,0.6281,50,0.2513,92,36,2.5556,175,0.8794,1.7175,train,1
MAZE_00950,10949,21,21,441,199,242,0.5488,11,0.0553,10,0.0503,126,0.6332,51,0.2563,92,36,2.5556,129,0.6482,1.6019,test,1
MAZE_00951,10950,21,21,441,199,242,0.5488,11,0.0553,9,0.0452,132,0.6633,46,0.2312,72,36,2,85,0.4271,1.2135,train,0
MAZE_00952,10951,21,21,441,199,242,0.5488,11,0.0553,11,0.0553,124,0.6231,51,0.2563,112,36,3.1111,151,0.7588,1.9349,train,2
MAZE_00953,10952,21,21,441,199,242,0.5488,10,0.0503,10,0.0503,138,0.6935,39,0.196,68,36,1.8889,107,0.5377,1.2133,train,0
MAZE_00954,10953,21,21,441,199,242,0.5488,10,0.0503,10,0.0503,122,0.6131,55,0.2764,112,36,3.1111,159,0.799,1.955,train,2
MAZE_00955,10954,21,21,441,199,242,0.5488,13,0.0653,12,0.0603,135,0.6784,38,0.191,104,36,2.8889,163,0.8191,1.854,train,2
MAZE_00956,10955,21,21,441,199,242,0.5488,8,0.0402,7,0.0352,143,0.7186,40,0.201,96,36,2.6667,145,0.7286,1.6977,train,1
MAZE_00957,10956,21,21,441,199,242,0.5488,9,0.0452,8,0.0402,137,0.6884,44,0.2211,112,36,3.1111,181,0.9095,2.0103,train,2
MAZE_00958,10957,21,21,441,199,242,0.5488,11,0.0553,10,0.0503,135,0.6784,42,0.2111,40,36,1.1111,43,0.2161,0.6636,test,0
MAZE_00959,10958,21,21,441,199,242,0.5488,12,0.0603,11,0.0553,128,0.6432,47,0.2362,68,36,1.8889,83,0.4171,1.153,train,0
MAZE_00960,10959,21,21,441,199,242,0.5488,10,0.0503,10,0.0503,132,0.6633,45,0.2261,108,36,3,135,0.6784,1.8392,test,2
MAZE_00961,10960,21,21,441,199,242,0.5488,12,0.0603,12,0.0603,128,0.6432,45,0.2261,96,36,2.6667,139,0.6985,1.6826,test,1
MAZE_00962,10961,21,21,441,199,242,0.5488,9,0.0452,8,0.0402,138,0.6935,43,0.2161,112,36,3.1111,153,0.7688,1.94,train,2
MAZE_00963,10962,21,21,441,199,242,0.5488,10,0.0503,9,0.0452,130,0.6533,49,0.2462,80,36,2.2222,97,0.4874,1.3548,train,1
MAZE_00964,10963,21,21,441,199,242,0.5488,11,0.0553,11,0.0553,131,0.6583,44,0.2211,120,36,3.3333,183,0.9196,2.1265,test,2
MAZE_00965,10964,21,21,441,199,242,0.5488,10,0.0503,9,0.0452,133,0.6683,45,0.2261,44,36,1.2222,59,0.2965,0.7593,test,0
MAZE_00966,10965,21,21,441,199,242,0.5488,11,0.0553,10,0.0503,124,0.6231,53,0.2663,88,36,2.4444,119,0.598,1.5212,train,1
MAZE_00967,10966,21,21,441,199,242,0.5488,10,0.0503,9,0.0452,133,0.6683,46,0.2312,80,36,2.2222,109,0.5477,1.3849,train,1
MAZE_00968,10967,21,21,441,199,242,0.5488,9,0.0452,9,0.0452,137,0.6884,42,0.2111,72,36,2,101,0.5075,1.2537,train,1
MAZE_00969,10968,21,21,441,199,242,0.5488,12,0.0603,12,0.0603,128,0.6432,45,0.2261,72,36,2,99,0.4975,1.2488,test,1
MAZE_00970,10969,21,21,441,199,242,0.5488,12,0.0603,11,0.0553,124,0.6231,51,0.2563,92,36,2.5556,131,0.6583,1.607,train,1
MAZE_00971,10970,21,21,441,199,242,0.5488,12,0.0603,12,0.0603,130,0.6533,43,0.2161,64,36,1.7778,99,0.4975,1.1377,train,0
MAZE_00972,10971,21,21,441,199,242,0.5488,11,0.0553,10,0.0503,135,0.6784,42,0.2111,64,36,1.7778,73,0.3668,1.0723,train,0
MAZE_00973,10972,21,21,441,199,242,0.5488,12,0.0603,11,0.0553,133,0.6683,42,0.2111,116,36,3.2222,169,0.8492,2.0357,train,2
MAZE_00974,10973,21,21,441,199,242,0.5488,13,0.0653,12,0.0603,126,0.6332,47,0.2362,108,36,3,151,0.7588,1.8794,train,2
MAZE_00975,10974,21,21,441,199,242,0.5488,12,0.0603,12,0.0603,125,0.6281,48,0.2412,100,36,2.7778,179,0.8995,1.8386,train,2
MAZE_00976,10975,21,21,441,199,242,0.5488,12,0.0603,11,0.0553,120,0.603,55,0.2764,60,36,1.6667,91,0.4573,1.062,train,0
MAZE_00977,10976,21,21,441,199,242,0.5488,10,0.0503,9,0.0452,137,0.6884,42,0.2111,48,36,1.3333,61,0.3065,0.8199,train,0
MAZE_00978,10977,21,21,441,199,242,0.5488,12,0.0603,11,0.0553,134,0.6734,41,0.206,64,36,1.7778,97,0.4874,1.1326,train,0
MAZE_00979,10978,21,21,441,199,242,0.5488,12,0.0603,11,0.0553,125,0.6281,50,0.2513,76,36,2.1111,97,0.4874,1.2993,train,1
MAZE_00980,10979,21,21,441,199,242,0.5488,9,0.0452,9,0.0452,126,0.6332,53,0.2663,148,36,4.1111,177,0.8894,2.5003,test,2
MAZE_00981,10980,21,21,441,199,242,0.5488,13,0.0653,13,0.0653,134,0.6734,37,0.1859,68,36,1.8889,129,0.6482,1.2686,train,1
MAZE_00982,10981,21,21,441,199,242,0.5488,9,0.0452,9,0.0452,127,0.6382,52,0.2613,72,36,2,93,0.4673,1.2336,train,1
MAZE_00983,10982,21,21,441,199,242,0.5488,10,0.0503,9,0.0452,135,0.6784,44,0.2211,132,36,3.6667,177,0.8894,2.278,train,2
MAZE_00984,10983,21,21,441,199,242,0.5488,10,0.0503,10,0.0503,139,0.6985,38,0.191,144,36,4,199,1,2.5,train,2
MAZE_00985,10984,21,21,441,199,242,0.5488,11,0.0553,10,0.0503,138,0.6935,39,0.196,56,36,1.5556,89,0.4472,1.0014,train,0
MAZE_00986,10985,21,21,441,199,242,0.5488,11,0.0553,10,0.0503,127,0.6382,50,0.2513,116,36,3.2222,169,0.8492,2.0357,train,2
MAZE_00987,10986,21,21,441,199,242,0.5488,10,0.0503,10,0.0503,132,0.6633,45,0.2261,64,36,1.7778,81,0.407,1.0924,train,0
MAZE_00988,10987,21,21,441,199,242,0.5488,8,0.0402,7,0.0352,131,0.6583,52,0.2613,136,36,3.7778,189,0.9497,2.3638,train,2
MAZE_00989,10988,21,21,441,199,242,0.5488,14,0.0704,13,0.0653,128,0.6432,43,0.2161,64,36,1.7778,87,0.4372,1.1075,train,0
MAZE_00990,10989,21,21,441,199,242,0.5488,10,0.0503,9,0.0452,126,0.6332,53,0.2663,44,36,1.2222,47,0.2362,0.7292,test,0
MAZE_00991,10990,21,21,441,199,242,0.5488,10,0.0503,10,0.0503,130,0.6533,47,0.2362,68,36,1.8889,85,0.4271,1.158,train,0
MAZE_00992,10991,21,21,441,199,242,0.5488,12,0.0603,11,0.0553,135,0.6784,40,0.201,92,36,2.5556,163,0.8191,1.6874,train,1
MAZE_00993,10992,21,21,441,199,242,0.5488,10,0.0503,9,0.0452,134,0.6734,45,0.2261,48,36,1.3333,57,0.2864,0.8098,test,0
MAZE_00994,10993,21,21,441,199,242,0.5488,10,0.0503,9,0.0452,141,0.7085,38,0.191,64,36,1.7778,83,0.4171,1.0975,test,0
MAZE_00995,10994,21,21,441,199,242,0.5488,11,0.0553,10,0.0503,136,0.6834,41,0.206,60,36,1.6667,71,0.3568,1.0118,train,0
MAZE_00996,10995,21,21,441,199,242,0.5488,12,0.0603,11,0.0553,121,0.608,54,0.2714,80,36,2.2222,153,0.7688,1.4955,train,1
MAZE_00997,10996,21,21,441,199,242,0.5488,10,0.0503,9,0.0452,135,0.6784,44,0.2211,52,36,1.4444,59,0.2965,0.8704,train,0
MAZE_00998,10997,21,21,441,199,242,0.5488,14,0.0704,13,0.0653,132,0.6633,39,0.196,64,36,1.7778,99,0.4975,1.1377,train,0
MAZE_00999,10998,21,21,441,199,242,0.5488,12,0.0603,11,0.0553,127,0.6382,48,0.2412,100,36,2.7778,151,0.7588,1.7683,train,2
MAZE_01000,10999,21,21,441,199,242,0.5488,13,0.0653,12,0.0603,138,0.6935,35,0.1759,56,36,1.5556,77,0.3869,0.9713,train,0
MAZE_01001,11000,21,21,441,199,242,0.5488,9,0.0452,8,0.0402,137,0.6884,44,0.2211,44,36,1.2222,47,0.2362,0.7292,train,0
MAZE_01002,11001,21,21,441,199,242,0.5488,13,0.0653,12,0.0603,129,0.6482,44,0.2211,44,36,1.2222,49,0.2462,0.7342,train,0
MAZE_01003,11002,21,21,441,199,242,0.5488,11,0.0553,10,0.0503,130,0.6533,47,0.2362,124,36,3.4444,175,0.8794,2.1619,train,2
MAZE_01004,11003,21,21,441,199,242,0.5488,11,0.0553,9,0.0452,141,0.7085,37,0.1859,60,36,1.6667,87,0.4372,1.0519,test,0
MAZE_01005,11004,21,21,441,199,242,0.5488,8,0.0402,8,0.0402,129,0.6482,52,0.2613,124,36,3.4444,195,0.9799,2.2121,train,2
MAZE_01006,11005,21,21,441,199,242,0.5488,10,0.0503,9,0.0452,133,0.6683,46,0.2312,112,36,3.1111,163,0.8191,1.9651,train,2
MAZE_01007,11006,21,21,441,199,242,0.5488,12,0.0603,11,0.0553,128,0.6432,47,0.2362,80,36,2.2222,97,0.4874,1.3548,test,1
MAZE_01008,11007,21,21,441,199,242,0.5488,9,0.0452,9,0.0452,131,0.6583,48,0.2412,104,36,2.8889,143,0.7186,1.8037,train,2
MAZE_01009,11008,21,21,441,199,242,0.5488,12,0.0603,11,0.0553,122,0.6131,53,0.2663,88,36,2.4444,101,0.5075,1.4759,test,1
MAZE_01010,11009,21,21,441,199,242,0.5488,10,0.0503,9,0.0452,132,0.6633,46,0.2312,132,36,3.6667,193,0.9698,2.3182,train,2
MAZE_01011,11010,21,21,441,199,242,0.5488,7,0.0352,7,0.0352,131,0.6583,52,0.2613,172,36,4.7778,199,1,2.8889,train,2
MAZE_01012,11011,21,21,441,199,242,0.5488,9,0.0452,8,0.0402,133,0.6683,48,0.2412,96,36,2.6667,169,0.8492,1.758,train,2
MAZE_01013,11012,21,21,441,199,242,0.5488,10,0.0503,10,0.0503,133,0.6683,44,0.2211,104,36,2.8889,187,0.9397,1.9143,train,2
MAZE_01014,11013,21,21,441,199,242,0.5488,10,0.0503,9,0.0452,135,0.6784,44,0.2211,136,36,3.7778,179,0.8995,2.3386,train,2
MAZE_01015,11014,21,21,441,199,242,0.5488,11,0.0553,10,0.0503,125,0.6281,52,0.2613,72,36,2,99,0.4975,1.2488,train,1
MAZE_01016,11015,21,21,441,199,242,0.5488,10,0.0503,9,0.0452,134,0.6734,45,0.2261,116,36,3.2222,187,0.9397,2.081,train,2
MAZE_01017,11016,21,21,441,199,242,0.5488,10,0.0503,9,0.0452,129,0.6482,50,0.2513,116,36,3.2222,187,0.9397,2.081,train,2
MAZE_01018,11017,21,21,441,199,242,0.5488,12,0.0603,11,0.0553,127,0.6382,48,0.2412,96,36,2.6667,135,0.6784,1.6725,train,1
MAZE_01019,11018,21,21,441,199,242,0.5488,11,0.0553,9,0.0452,129,0.6482,49,0.2462,56,36,1.5556,77,0.3869,0.9713,train,0
MAZE_01020,11019,21,21,441,199,242,0.5488,13,0.0653,13,0.0653,123,0.6181,48,0.2412,80,36,2.2222,93,0.4673,1.3447,train,1
MAZE_01021,11020,21,21,441,199,242,0.5488,10,0.0503,9,0.0452,137,0.6884,42,0.2111,140,36,3.8889,193,0.9698,2.4293,test,2
MAZE_01022,11021,21,21,441,199,242,0.5488,13,0.0653,12,0.0603,132,0.6633,41,0.206,124,36,3.4444,191,0.9598,2.2021,train,2
MAZE_01023,11022,21,21,441,199,242,0.5488,10,0.0503,10,0.0503,143,0.7186,34,0.1709,64,36,1.7778,85,0.4271,1.1024,train,0
MAZE_01024,11023,21,21,441,199,242,0.5488,11,0.0553,11,0.0553,128,0.6432,47,0.2362,112,36,3.1111,141,0.7085,1.9098,train,2
MAZE_01025,11024,21,21,441,199,242,0.5488,8,0.0402,7,0.0352,129,0.6482,54,0.2714,68,36,1.8889,91,0.4573,1.1731,train,0
MAZE_01026,11025,21,21,441,199,242,0.5488,10,0.0503,10,0.0503,126,0.6332,51,0.2563,56,36,1.5556,77,0.3869,0.9713,test,0
MAZE_01027,11026,21,21,441,199,242,0.5488,9,0.0452,9,0.0452,124,0.6231,55,0.2764,64,36,1.7778,87,0.4372,1.1075,test,0
MAZE_01028,11027,21,21,441,199,242,0.5488,11,0.0553,11,0.0553,131,0.6583,44,0.2211,72,36,2,91,0.4573,1.2287,train,0
MAZE_01029,11028,21,21,441,199,242,0.5488,11,0.0553,10,0.0503,131,0.6583,46,0.2312,84,36,2.3333,117,0.5879,1.4606,train,1
MAZE_01030,11029,21,21,441,199,242,0.5488,11,0.0553,11,0.0553,129,0.6482,46,0.2312,112,36,3.1111,141,0.7085,1.9098,train,2
MAZE_01031,11030,21,21,441,199,242,0.5488,15,0.0754,14,0.0704,132,0.6633,37,0.1859,56,36,1.5556,89,0.4472,1.0014,train,0
MAZE_01032,11031,21,21,441,199,242,0.5488,10,0.0503,10,0.0503,134,0.6734,43,0.2161,112,36,3.1111,199,1,2.0556,train,2
MAZE_01033,11032,21,21,441,199,242,0.5488,12,0.0603,11,0.0553,132,0.6633,43,0.2161,72,36,2,89,0.4472,1.2236,train,0
MAZE_01034,11033,21,21,441,199,242,0.5488,12,0.0603,11,0.0553,127,0.6382,48,0.2412,80,36,2.2222,103,0.5176,1.3699,train,1
MAZE_01035,11034,21,21,441,199,242,0.5488,11,0.0553,10,0.0503,131,0.6583,46,0.2312,108,36,3,161,0.809,1.9045,train,2
MAZE_01036,11035,21,21,441,199,242,0.5488,12,0.0603,12,0.0603,126,0.6332,47,0.2362,128,36,3.5556,171,0.8593,2.2075,train,2
MAZE_01037,11036,21,21,441,199,242,0.5488,10,0.0503,9,0.0452,138,0.6935,41,0.206,92,36,2.5556,129,0.6482,1.6019,train,1
MAZE_01038,11037,21,21,441,199,242,0.5488,10,0.0503,10,0.0503,137,0.6884,40,0.201,108,36,3,155,0.7789,1.8895,train,2
MAZE_01039,11038,21,21,441,199,242,0.5488,13,0.0653,12,0.0603,133,0.6683,40,0.201,52,36,1.4444,77,0.3869,0.9156,test,0
MAZE_01040,11039,21,21,441,199,242,0.5488,8,0.0402,8,0.0402,132,0.6633,49,0.2462,168,36,4.6667,199,1,2.8333,train,2
MAZE_01041,11040,21,21,441,199,242,0.5488,11,0.0553,10,0.0503,141,0.7085,36,0.1809,84,36,2.3333,115,0.5779,1.4556,test,1
MAZE_01042,11041,21,21,441,199,242,0.5488,11,0.0553,10,0.0503,134,0.6734,43,0.2161,60,36,1.6667,87,0.4372,1.0519,train,0
MAZE_01043,11042,21,21,441,199,242,0.5488,14,0.0704,13,0.0653,130,0.6533,41,0.206,56,36,1.5556,61,0.3065,0.9311,test,0
MAZE_01044,11043,21,21,441,199,242,0.5488,7,0.0352,6,0.0302,124,0.6231,61,0.3065,108,36,3,137,0.6884,1.8442,train,2
MAZE_01045,11044,21,21,441,199,242,0.5488,9,0.0452,8,0.0402,134,0.6734,47,0.2362,124,36,3.4444,157,0.7889,2.1166,train,2
MAZE_01046,11045,21,21,441,199,242,0.5488,14,0.0704,13,0.0653,126,0.6332,45,0.2261,112,36,3.1111,135,0.6784,1.8947,test,2
MAZE_01047,11046,21,21,441,199,242,0.5488,12,0.0603,11,0.0553,129,0.6482,46,0.2312,48,36,1.3333,55,0.2764,0.8048,test,0
MAZE_01048,11047,21,21,441,199,242,0.5488,11,0.0553,10,0.0503,130,0.6533,47,0.2362,76,36,2.1111,119,0.598,1.3545,train,1
MAZE_01049,11048,21,21,441,199,242,0.5488,10,0.0503,9,0.0452,138,0.6935,41,0.206,152,36,4.2222,193,0.9698,2.596,train,2
MAZE_01050,11049,21,21,441,199,242,0.5488,8,0.0402,8,0.0402,132,0.6633,49,0.2462,140,36,3.8889,175,0.8794,2.3841,train,2
MAZE_01051,11050,21,21,441,199,242,0.5488,8,0.0402,7,0.0352,135,0.6784,48,0.2412,128,36,3.5556,173,0.8693,2.2125,test,2
MAZE_01052,11051,21,21,441,199,242,0.5488,9,0.0452,8,0.0402,128,0.6432,53,0.2663,92,36,2.5556,119,0.598,1.5768,train,1
MAZE_01053,11052,21,21,441,199,242,0.5488,9,0.0452,8,0.0402,136,0.6834,45,0.2261,88,36,2.4444,111,0.5578,1.5011,train,1
MAZE_01054,11053,21,21,441,199,242,0.5488,13,0.0653,12,0.0603,123,0.6181,50,0.2513,120,36,3.3333,193,0.9698,2.1515,train,2
MAZE_01055,11054,21,21,441,199,242,0.5488,7,0.0352,6,0.0302,140,0.7035,45,0.2261,116,36,3.2222,149,0.7487,1.9854,test,2
MAZE_01056,11055,21,21,441,199,242,0.5488,10,0.0503,10,0.0503,127,0.6382,50,0.2513,104,36,2.8889,137,0.6884,1.7887,train,2
MAZE_01057,11056,21,21,441,199,242,0.5488,10,0.0503,9,0.0452,132,0.6633,46,0.2312,148,36,4.1111,199,1,2.5556,train,2
MAZE_01058,11057,21,21,441,199,242,0.5488,12,0.0603,10,0.0503,135,0.6784,41,0.206,68,36,1.8889,89,0.4472,1.1681,train,0
MAZE_01059,11058,21,21,441,199,242,0.5488,10,0.0503,9,0.0452,128,0.6432,51,0.2563,112,36,3.1111,169,0.8492,1.9802,test,2
MAZE_01060,11059,21,21,441,199,242,0.5488,11,0.0553,10,0.0503,124,0.6231,53,0.2663,88,36,2.4444,93,0.4673,1.4558,train,1
MAZE_01061,11060,21,21,441,199,242,0.5488,10,0.0503,9,0.0452,138,0.6935,41,0.206,52,36,1.4444,61,0.3065,0.8754,train,0
MAZE_01062,11061,21,21,441,199,242,0.5488,9,0.0452,9,0.0452,132,0.6633,47,0.2362,56,36,1.5556,67,0.3367,0.9462,train,0
MAZE_01063,11062,21,21,441,199,242,0.5488,10,0.0503,10,0.0503,129,0.6482,48,0.2412,80,36,2.2222,141,0.7085,1.4653,train,1
MAZE_01064,11063,21,21,441,199,242,0.5488,9,0.0452,8,0.0402,128,0.6432,53,0.2663,120,36,3.3333,151,0.7588,2.0461,train,2
MAZE_01065,11064,21,21,441,199,242,0.5488,11,0.0553,10,0.0503,126,0.6332,51,0.2563,92,36,2.5556,127,0.6382,1.5969,train,1
MAZE_01066,11065,21,21,441,199,242,0.5488,8,0.0402,8,0.0402,135,0.6784,46,0.2312,60,36,1.6667,75,0.3769,1.0218,test,0
MAZE_01067,11066,21,21,441,199,242,0.5488,11,0.0553,11,0.0553,135,0.6784,40,0.201,128,36,3.5556,165,0.8291,2.1924,train,2
MAZE_01068,11067,21,21,441,199,242,0.5488,10,0.0503,9,0.0452,134,0.6734,45,0.2261,64,36,1.7778,75,0.3769,1.0774,test,0
MAZE_01069,11068,21,21,441,199,242,0.5488,7,0.0352,6,0.0302,130,0.6533,55,0.2764,108,36,3,135,0.6784,1.8392,train,2
MAZE_01070,11069,21,21,441,199,242,0.5488,9,0.0452,8,0.0402,130,0.6533,51,0.2563,56,36,1.5556,63,0.3166,0.9361,train,0
MAZE_01071,11070,21,21,441,199,242,0.5488,11,0.0553,11,0.0553,122,0.6131,53,0.2663,144,36,4,197,0.9899,2.495,train,2
MAZE_01072,11071,21,21,441,199,242,0.5488,10,0.0503,10,0.0503,138,0.6935,39,0.196,136,36,3.7778,187,0.9397,2.3588,train,2
MAZE_01073,11072,21,21,441,199,242,0.5488,9,0.0452,9,0.0452,136,0.6834,43,0.2161,60,36,1.6667,67,0.3367,1.0017,train,0
MAZE_01074,11073,21,21,441,199,242,0.5488,13,0.0653,12,0.0603,124,0.6231,49,0.2462,68,36,1.8889,135,0.6784,1.2836,train,1
MAZE_01075,11074,21,21,441,199,242,0.5488,11,0.0553,10,0.0503,132,0.6633,45,0.2261,124,36,3.4444,163,0.8191,2.1317,train,2
MAZE_01076,11075,21,21,441,199,242,0.5488,12,0.0603,11,0.0553,129,0.6482,46,0.2312,80,36,2.2222,109,0.5477,1.3849,train,1
MAZE_01077,11076,21,21,441,199,242,0.5488,9,0.0452,8,0.0402,129,0.6482,51,0.2563,104,36,2.8889,159,0.799,1.8439,test,2
MAZE_01078,11077,21,21,441,199,242,0.5488,12,0.0603,12,0.0603,133,0.6683,40,0.201,84,36,2.3333,105,0.5276,1.4304,train,1
MAZE_01079,11078,21,21,441,199,242,0.5488,12,0.0603,12,0.0603,132,0.6633,41,0.206,104,36,2.8889,143,0.7186,1.8037,train,2
MAZE_01080,11079,21,21,441,199,242,0.5488,13,0.0653,13,0.0653,132,0.6633,39,0.196,76,36,2.1111,103,0.5176,1.3143,train,1
MAZE_01081,11080,21,21,441,199,242,0.5488,11,0.0553,10,0.0503,133,0.6683,44,0.2211,52,36,1.4444,71,0.3568,0.9006,train,0
MAZE_01082,11081,21,21,441,199,242,0.5488,12,0.0603,11,0.0553,141,0.7085,34,0.1709,104,36,2.8889,129,0.6482,1.7686,train,2
MAZE_01083,11082,21,21,441,199,242,0.5488,10,0.0503,9,0.0452,128,0.6432,51,0.2563,64,36,1.7778,87,0.4372,1.1075,test,0
MAZE_01084,11083,21,21,441,199,242,0.5488,11,0.0553,10,0.0503,133,0.6683,44,0.2211,104,36,2.8889,141,0.7085,1.7987,train,2
MAZE_01085,11084,21,21,441,199,242,0.5488,11,0.0553,10,0.0503,136,0.6834,41,0.206,116,36,3.2222,151,0.7588,1.9905,train,2
MAZE_01086,11085,21,21,441,199,242,0.5488,9,0.0452,8,0.0402,132,0.6633,49,0.2462,60,36,1.6667,85,0.4271,1.0469,train,0
MAZE_01087,11086,21,21,441,199,242,0.5488,11,0.0553,10,0.0503,140,0.7035,37,0.1859,88,36,2.4444,97,0.4874,1.4659,train,1
MAZE_01088,11087,21,21,441,199,242,0.5488,14,0.0704,14,0.0704,132,0.6633,37,0.1859,76,36,2.1111,91,0.4573,1.2842,test,1
MAZE_01089,11088,21,21,441,199,242,0.5488,12,0.0603,11,0.0553,128,0.6432,47,0.2362,136,36,3.7778,187,0.9397,2.3588,train,2
MAZE_01090,11089,21,21,441,199,242,0.5488,10,0.0503,9,0.0452,141,0.7085,38,0.191,92,36,2.5556,115,0.5779,1.5668,train,1
MAZE_01091,11090,21,21,441,199,242,0.5488,12,0.0603,11,0.0553,126,0.6332,49,0.2462,44,36,1.2222,49,0.2462,0.7342,train,0
MAZE_01092,11091,21,21,441,199,242,0.5488,11,0.0553,10,0.0503,131,0.6583,46,0.2312,44,36,1.2222,49,0.2462,0.7342,train,0
MAZE_01093,11092,21,21,441,199,242,0.5488,12,0.0603,11,0.0553,119,0.598,56,0.2814,72,36,2,89,0.4472,1.2236,test,0
MAZE_01094,11093,21,21,441,199,242,0.5488,9,0.0452,9,0.0452,130,0.6533,49,0.2462,116,36,3.2222,189,0.9497,2.0859,train,2
MAZE_01095,11094,21,21,441,199,242,0.5488,12,0.0603,12,0.0603,131,0.6583,42,0.2111,92,36,2.5556,123,0.6181,1.5869,train,1
MAZE_01096,11095,21,21,441,199,242,0.5488,7,0.0352,6,0.0302,127,0.6382,58,0.2915,64,36,1.7778,69,0.3467,1.0623,train,0
MAZE_01097,11096,21,21,441,199,242,0.5488,10,0.0503,10,0.0503,129,0.6482,48,0.2412,64,36,1.7778,87,0.4372,1.1075,train,0
MAZE_01098,11097,21,21,441,199,242,0.5488,9,0.0452,9,0.0452,131,0.6583,48,0.2412,84,36,2.3333,107,0.5377,1.4355,train,1
MAZE_01099,11098,21,21,441,199,242,0.5488,11,0.0553,10,0.0503,136,0.6834,41,0.206,60,36,1.6667,89,0.4472,1.057,train,0
MAZE_01100,11099,21,21,441,199,242,0.5488,10,0.0503,9,0.0452,127,0.6382,52,0.2613,104,36,2.8889,131,0.6583,1.7736,train,2
MAZE_01101,11100,21,21,441,199,242,0.5488,10,0.0503,9,0.0452,133,0.6683,46,0.2312,136,36,3.7778,163,0.8191,2.2984,train,2
MAZE_01102,11101,21,21,441,199,242,0.5488,8,0.0402,7,0.0352,138,0.6935,45,0.2261,52,36,1.4444,61,0.3065,0.8754,train,0
MAZE_01103,11102,21,21,441,199,242,0.5488,10,0.0503,9,0.0452,138,0.6935,41,0.206,132,36,3.6667,193,0.9698,2.3182,train,2
MAZE_01104,11103,21,21,441,199,242,0.5488,9,0.0452,8,0.0402,134,0.6734,47,0.2362,72,36,2,95,0.4774,1.2387,train,1
MAZE_01105,11104,21,21,441,199,242,0.5488,11,0.0553,10,0.0503,124,0.6231,53,0.2663,76,36,2.1111,107,0.5377,1.3244,train,1
MAZE_01106,11105,21,21,441,199,242,0.5488,12,0.0603,11,0.0553,131,0.6583,44,0.2211,92,36,2.5556,123,0.6181,1.5869,train,1
MAZE_01107,11106,21,21,441,199,242,0.5488,10,0.0503,9,0.0452,134,0.6734,45,0.2261,96,36,2.6667,111,0.5578,1.6122,train,1
MAZE_01108,11107,21,21,441,199,242,0.5488,11,0.0553,11,0.0553,140,0.7035,35,0.1759,96,36,2.6667,145,0.7286,1.6977,train,1
MAZE_01109,11108,21,21,441,199,242,0.5488,12,0.0603,12,0.0603,124,0.6231,49,0.2462,44,36,1.2222,57,0.2864,0.7543,train,0
MAZE_01110,11109,21,21,441,199,242,0.5488,8,0.0402,7,0.0352,140,0.7035,43,0.2161,104,36,2.8889,129,0.6482,1.7686,train,2
MAZE_01111,11110,21,21,441,199,242,0.5488,9,0.0452,8,0.0402,137,0.6884,44,0.2211,112,36,3.1111,145,0.7286,1.9199,train,2
MAZE_01112,11111,21,21,441,199,242,0.5488,10,0.0503,9,0.0452,129,0.6482,50,0.2513,160,36,4.4444,195,0.9799,2.7121,test,2
MAZE_01113,11112,21,21,441,199,242,0.5488,10,0.0503,9,0.0452,136,0.6834,43,0.2161,88,36,2.4444,131,0.6583,1.5514,train,1
MAZE_01114,11113,21,21,441,199,242,0.5488,10,0.0503,10,0.0503,129,0.6482,48,0.2412,88,36,2.4444,107,0.5377,1.491,train,1
MAZE_01115,11114,21,21,441,199,242,0.5488,9,0.0452,8,0.0402,124,0.6231,57,0.2864,60,36,1.6667,65,0.3266,0.9967,train,0
MAZE_01116,11115,21,21,441,199,242,0.5488,12,0.0603,11,0.0553,129,0.6482,46,0.2312,120,36,3.3333,183,0.9196,2.1265,train,2
MAZE_01117,11116,21,21,441,199,242,0.5488,16,0.0804,14,0.0704,124,0.6231,44,0.2211,68,36,1.8889,75,0.3769,1.1329,train,0
MAZE_01118,11117,21,21,441,199,242,0.5488,10,0.0503,9,0.0452,139,0.6985,40,0.201,44,36,1.2222,55,0.2764,0.7493,train,0
MAZE_01119,11118,21,21,441,199,242,0.5488,10,0.0503,10,0.0503,128,0.6432,49,0.2462,120,36,3.3333,165,0.8291,2.0812,train,2
MAZE_01120,11119,21,21,441,199,242,0.5488,12,0.0603,11,0.0553,125,0.6281,49,0.2462,52,36,1.4444,65,0.3266,0.8855,test,0
MAZE_01121,11120,21,21,441,199,242,0.5488,13,0.0653,12,0.0603,132,0.6633,41,0.206,96,36,2.6667,153,0.7688,1.7178,test,1
MAZE_01122,11121,21,21,441,199,242,0.5488,8,0.0402,8,0.0402,132,0.6633,49,0.2462,128,36,3.5556,159,0.799,2.1773,train,2
MAZE_01123,11122,21,21,441,199,242,0.5488,13,0.0653,13,0.0653,128,0.6432,43,0.2161,88,36,2.4444,131,0.6583,1.5514,train,1
MAZE_01124,11123,21,21,441,199,242,0.5488,14,0.0704,13,0.0653,129,0.6482,42,0.2111,104,36,2.8889,173,0.8693,1.8791,train,2
MAZE_01125,11124,21,21,441,199,242,0.5488,10,0.0503,8,0.0402,131,0.6583,49,0.2462,108,36,3,157,0.7889,1.8944,test,2
MAZE_01126,11125,21,21,441,199,242,0.5488,11,0.0553,10,0.0503,133,0.6683,44,0.2211,48,36,1.3333,57,0.2864,0.8098,test,0
MAZE_01127,11126,21,21,441,199,242,0.5488,9,0.0452,8,0.0402,121,0.608,60,0.3015,160,36,4.4444,193,0.9698,2.7071,train,2
MAZE_01128,11127,21,21,441,199,242,0.5488,13,0.0653,12,0.0603,125,0.6281,48,0.2412,80,36,2.2222,99,0.4975,1.3599,train,1
MAZE_01129,11128,21,21,441,199,242,0.5488,14,0.0704,12,0.0603,122,0.6131,50,0.2513,116,36,3.2222,177,0.8894,2.0558,test,2
MAZE_01130,11129,21,21,441,199,242,0.5488,10,0.0503,9,0.0452,134,0.6734,45,0.2261,52,36,1.4444,57,0.2864,0.8654,train,0
MAZE_01131,11130,21,21,441,199,242,0.5488,12,0.0603,11,0.0553,129,0.6482,46,0.2312,60,36,1.6667,79,0.397,1.0318,train,0
MAZE_01132,11131,21,21,441,199,242,0.5488,12,0.0603,11,0.0553,129,0.6482,46,0.2312,116,36,3.2222,143,0.7186,1.9704,test,2
MAZE_01133,11132,21,21,441,199,242,0.5488,11,0.0553,10,0.0503,132,0.6633,45,0.2261,136,36,3.7778,185,0.9296,2.3537,train,2
MAZE_01134,11133,21,21,441,199,242,0.5488,7,0.0352,6,0.0302,133,0.6683,52,0.2613,96,36,2.6667,127,0.6382,1.6524,train,1
MAZE_01135,11134,21,21,441,199,242,0.5488,10,0.0503,9,0.0452,125,0.6281,54,0.2714,64,36,1.7778,103,0.5176,1.1477,test,0
MAZE_01136,11135,21,21,441,199,242,0.5488,10,0.0503,9,0.0452,132,0.6633,47,0.2362,68,36,1.8889,99,0.4975,1.1932,train,0
MAZE_01137,11136,21,21,441,199,242,0.5488,10,0.0503,9,0.0452,129,0.6482,50,0.2513,48,36,1.3333,59,0.2965,0.8149,test,0
MAZE_01138,11137,21,21,441,199,242,0.5488,10,0.0503,9,0.0452,132,0.6633,47,0.2362,100,36,2.7778,153,0.7688,1.7733,train,2
MAZE_01139,11138,21,21,441,199,242,0.5488,7,0.0352,7,0.0352,128,0.6432,55,0.2764,156,36,4.3333,199,1,2.6667,train,2
MAZE_01140,11139,21,21,441,199,242,0.5488,10,0.0503,9,0.0452,140,0.7035,39,0.196,84,36,2.3333,113,0.5678,1.4506,train,1
MAZE_01141,11140,21,21,441,199,242,0.5488,11,0.0553,11,0.0553,123,0.6181,52,0.2613,76,36,2.1111,97,0.4874,1.2993,train,1
MAZE_01142,11141,21,21,441,199,242,0.5488,10,0.0503,9,0.0452,135,0.6784,44,0.2211,56,36,1.5556,73,0.3668,0.9612,train,0
MAZE_01143,11142,21,21,441,199,242,0.5488,11,0.0553,10,0.0503,136,0.6834,41,0.206,96,36,2.6667,133,0.6683,1.6675,train,1
MAZE_01144,11143,21,21,441,199,242,0.5488,14,0.0704,12,0.0603,127,0.6382,45,0.2261,48,36,1.3333,63,0.3166,0.8249,train,0
MAZE_01145,11144,21,21,441,199,242,0.5488,12,0.0603,12,0.0603,132,0.6633,41,0.206,100,36,2.7778,137,0.6884,1.7331,test,1
MAZE_01146,11145,21,21,441,199,242,0.5488,11,0.0553,11,0.0553,135,0.6784,40,0.201,120,36,3.3333,167,0.8392,2.0862,test,2
MAZE_01147,11146,21,21,441,199,242,0.5488,12,0.0603,11,0.0553,129,0.6482,46,0.2312,72,36,2,91,0.4573,1.2287,train,0
MAZE_01148,11147,21,21,441,199,242,0.5488,11,0.0553,10,0.0503,134,0.6734,43,0.2161,92,36,2.5556,111,0.5578,1.5567,train,1
MAZE_01149,11148,21,21,441,199,242,0.5488,9,0.0452,9,0.0452,130,0.6533,49,0.2462,136,36,3.7778,177,0.8894,2.3336,train,2
MAZE_01150,11149,21,21,441,199,242,0.5488,9,0.0452,8,0.0402,129,0.6482,52,0.2613,80,36,2.2222,99,0.4975,1.3599,train,1
MAZE_01151,11150,21,21,441,199,242,0.5488,12,0.0603,12,0.0603,121,0.608,52,0.2613,156,36,4.3333,193,0.9698,2.6516,test,2
MAZE_01152,11151,21,21,441,199,242,0.5488,11,0.0553,11,0.0553,135,0.6784,40,0.201,148,36,4.1111,199,1,2.5556,train,2
MAZE_01153,11152,21,21,441,199,242,0.5488,6,0.0302,6,0.0302,136,0.6834,49,0.2462,68,36,1.8889,121,0.608,1.2485,train,1
MAZE_01154,11153,21,21,441,199,242,0.5488,10,0.0503,10,0.0503,142,0.7136,35,0.1759,84,36,2.3333,113,0.5678,1.4506,train,1
MAZE_01155,11154,21,21,441,199,242,0.5488,10,0.0503,10,0.0503,133,0.6683,44,0.2211,64,36,1.7778,89,0.4472,1.1125,test,0
MAZE_01156,11155,21,21,441,199,242,0.5488,9,0.0452,8,0.0402,139,0.6985,42,0.2111,60,36,1.6667,79,0.397,1.0318,train,0
MAZE_01157,11156,21,21,441,199,242,0.5488,13,0.0653,13,0.0653,125,0.6281,46,0.2312,56,36,1.5556,75,0.3769,0.9663,train,0
MAZE_01158,11157,21,21,441,199,242,0.5488,10,0.0503,9,0.0452,138,0.6935,41,0.206,116,36,3.2222,183,0.9196,2.0709,test,2
MAZE_01159,11158,21,21,441,199,242,0.5488,13,0.0653,11,0.0553,126,0.6332,48,0.2412,56,36,1.5556,69,0.3467,0.9512,train,0
MAZE_01160,11159,21,21,441,199,242,0.5488,9,0.0452,9,0.0452,131,0.6583,48,0.2412,56,36,1.5556,71,0.3568,0.9562,train,0
MAZE_01161,11160,21,21,441,199,242,0.5488,11,0.0553,10,0.0503,129,0.6482,48,0.2412,112,36,3.1111,137,0.6884,1.8998,test,2
MAZE_01162,11161,21,21,441,199,242,0.5488,10,0.0503,9,0.0452,122,0.6131,57,0.2864,76,36,2.1111,111,0.5578,1.3344,train,1
MAZE_01163,11162,21,21,441,199,242,0.5488,10,0.0503,9,0.0452,134,0.6734,45,0.2261,92,36,2.5556,107,0.5377,1.5467,train,1
MAZE_01164,11163,21,21,441,199,242,0.5488,12,0.0603,11,0.0553,129,0.6482,46,0.2312,60,36,1.6667,101,0.5075,1.0871,train,0
MAZE_01165,11164,21,21,441,199,242,0.5488,12,0.0603,11,0.0553,136,0.6834,39,0.196,96,36,2.6667,127,0.6382,1.6524,train,1
MAZE_01166,11165,21,21,441,199,242,0.5488,10,0.0503,9,0.0452,136,0.6834,43,0.2161,52,36,1.4444,57,0.2864,0.8654,train,0
MAZE_01167,11166,21,21,441,199,242,0.5488,12,0.0603,11,0.0553,126,0.6332,49,0.2462,76,36,2.1111,99,0.4975,1.3043,test,1
MAZE_01168,11167,21,21,441,199,242,0.5488,12,0.0603,11,0.0553,124,0.6231,51,0.2563,68,36,1.8889,93,0.4673,1.1781,test,0
MAZE_01169,11168,21,21,441,199,242,0.5488,11,0.0553,10,0.0503,136,0.6834,41,0.206,80,36,2.2222,103,0.5176,1.3699,train,1
MAZE_01170,11169,21,21,441,199,242,0.5488,12,0.0603,11,0.0553,128,0.6432,47,0.2362,68,36,1.8889,85,0.4271,1.158,train,0
MAZE_01171,11170,21,21,441,199,242,0.5488,10,0.0503,9,0.0452,129,0.6482,50,0.2513,152,36,4.2222,197,0.9899,2.606,test,2
MAZE_01172,11171,21,21,441,199,242,0.5488,9,0.0452,8,0.0402,134,0.6734,47,0.2362,128,36,3.5556,167,0.8392,2.1974,test,2
MAZE_01173,11172,21,21,441,199,242,0.5488,10,0.0503,10,0.0503,125,0.6281,52,0.2613,52,36,1.4444,61,0.3065,0.8754,train,0
MAZE_01174,11173,21,21,441,199,242,0.5488,11,0.0553,10,0.0503,131,0.6583,46,0.2312,144,36,4,181,0.9095,2.4547,train,2
MAZE_01175,11174,21,21,441,199,242,0.5488,9,0.0452,8,0.0402,122,0.6131,59,0.2965,92,36,2.5556,141,0.7085,1.6321,test,1
MAZE_01176,11175,21,21,441,199,242,0.5488,10,0.0503,9,0.0452,127,0.6382,52,0.2613,44,36,1.2222,59,0.2965,0.7593,train,0
MAZE_01177,11176,21,21,441,199,242,0.5488,9,0.0452,8,0.0402,131,0.6583,50,0.2513,116,36,3.2222,165,0.8291,2.0256,test,2
MAZE_01178,11177,21,21,441,199,242,0.5488,11,0.0553,11,0.0553,123,0.6181,52,0.2613,92,36,2.5556,133,0.6683,1.6119,train,1
MAZE_01179,11178,21,21,441,199,242,0.5488,10,0.0503,9,0.0452,133,0.6683,46,0.2312,52,36,1.4444,57,0.2864,0.8654,train,0
MAZE_01180,11179,21,21,441,199,242,0.5488,12,0.0603,11,0.0553,128,0.6432,47,0.2362,88,36,2.4444,155,0.7789,1.6117,train,1
MAZE_01181,11180,21,21,441,199,242,0.5488,11,0.0553,11,0.0553,123,0.6181,52,0.2613,136,36,3.7778,171,0.8593,2.3186,train,2
MAZE_01182,11181,21,21,441,199,242,0.5488,12,0.0603,11,0.0553,126,0.6332,49,0.2462,124,36,3.4444,183,0.9196,2.182,train,2
MAZE_01183,11182,21,21,441,199,242,0.5488,9,0.0452,8,0.0402,128,0.6432,53,0.2663,108,36,3,139,0.6985,1.8493,test,2
MAZE_01184,11183,21,21,441,199,242,0.5488,9,0.0452,8,0.0402,133,0.6683,48,0.2412,76,36,2.1111,95,0.4774,1.2942,train,1
MAZE_01185,11184,21,21,441,199,242,0.5488,11,0.0553,10,0.0503,132,0.6633,45,0.2261,100,36,2.7778,168,0.8442,1.811,test,2
MAZE_01186,11185,21,21,441,199,242,0.5488,10,0.0503,9,0.0452,136,0.6834,43,0.2161,128,36,3.5556,183,0.9196,2.2376,train,2
MAZE_01187,11186,21,21,441,199,242,0.5488,14,0.0704,14,0.0704,127,0.6382,42,0.2111,112,36,3.1111,155,0.7789,1.945,train,2
MAZE_01188,11187,21,21,441,199,242,0.5488,8,0.0402,8,0.0402,137,0.6884,44,0.2211,140,36,3.8889,173,0.8693,2.3791,test,2
MAZE_01189,11188,21,21,441,199,242,0.5488,10,0.0503,10,0.0503,133,0.6683,44,0.2211,80,36,2.2222,123,0.6181,1.4202,train,1
MAZE_01190,11189,21,21,441,199,242,0.5488,11,0.0553,10,0.0503,130,0.6533,47,0.2362,116,36,3.2222,187,0.9397,2.081,train,2
MAZE_01191,11190,21,21,441,199,242,0.5488,11,0.0553,10,0.0503,135,0.6784,42,0.2111,100,36,2.7778,157,0.7889,1.7833,train,2
MAZE_01192,11191,21,21,441,199,242,0.5488,8,0.0402,7,0.0352,132,0.6633,51,0.2563,116,36,3.2222,171,0.8593,2.0408,train,2
MAZE_01193,11192,21,21,441,199,242,0.5488,12,0.0603,11,0.0553,136,0.6834,39,0.196,56,36,1.5556,71,0.3568,0.9562,train,0
MAZE_01194,11193,21,21,441,199,242,0.5488,10,0.0503,9,0.0452,130,0.6533,49,0.2462,92,36,2.5556,119,0.598,1.5768,test,1
MAZE_01195,11194,21,21,441,199,242,0.5488,10,0.0503,10,0.0503,134,0.6734,43,0.2161,76,36,2.1111,101,0.5075,1.3093,train,1
MAZE_01196,11195,21,21,441,199,242,0.5488,11,0.0553,11,0.0553,131,0.6583,44,0.2211,60,36,1.6667,87,0.4372,1.0519,train,0
MAZE_01197,11196,21,21,441,199,242,0.5488,12,0.0603,11,0.0553,129,0.6482,45,0.2261,116,36,3.2222,189,0.9497,2.0859,train,2
MAZE_01198,11197,21,21,441,199,242,0.5488,15,0.0754,15,0.0754,126,0.6332,41,0.206,48,36,1.3333,71,0.3568,0.845,train,0
MAZE_01199,11198,21,21,441,199,242,0.5488,8,0.0402,7,0.0352,128,0.6432,55,0.2764,104,36,2.8889,163,0.8191,1.854,train,2
MAZE_01200,11199,21,21,441,199,242,0.5488,12,0.0603,11,0.0553,125,0.6281,50,0.2513,48,36,1.3333,53,0.2663,0.7998,train,0
MAZE_01201,11200,21,21,441,199,242,0.5488,9,0.0452,8,0.0402,138,0.6935,43,0.2161,132,36,3.6667,155,0.7789,2.2228,train,2
MAZE_01202,11201,21,21,441,199,242,0.5488,11,0.0553,10,0.0503,133,0.6683,44,0.2211,80,36,2.2222,91,0.4573,1.3397,train,1
MAZE_01203,11202,21,21,441,199,242,0.5488,11,0.0553,11,0.0553,127,0.6382,48,0.2412,108,36,3,133,0.6683,1.8341,test,2
MAZE_01204,11203,21,21,441,199,242,0.5488,7,0.0352,7,0.0352,138,0.6935,45,0.2261,164,36,4.5556,199,1,2.7778,train,2
MAZE_01205,11204,21,21,441,199,242,0.5488,9,0.0452,8,0.0402,135,0.6784,46,0.2312,72,36,2,95,0.4774,1.2387,train,1
MAZE_01206,11205,21,21,441,199,242,0.5488,10,0.0503,9,0.0452,133,0.6683,46,0.2312,68,36,1.8889,77,0.3869,1.1379,train,0
MAZE_01207,11206,21,21,441,199,242,0.5488,11,0.0553,10,0.0503,130,0.6533,47,0.2362,88,36,2.4444,131,0.6583,1.5514,train,1
MAZE_01208,11207,21,21,441,199,242,0.5488,8,0.0402,7,0.0352,126,0.6332,57,0.2864,64,36,1.7778,71,0.3568,1.0673,train,0
MAZE_01209,11208,21,21,441,199,242,0.5488,13,0.0653,12,0.0603,121,0.608,52,0.2613,84,36,2.3333,123,0.6181,1.4757,train,1
MAZE_01210,11209,21,21,441,199,242,0.5488,13,0.0653,12,0.0603,123,0.6181,50,0.2513,72,36,2,89,0.4472,1.2236,train,0
MAZE_01211,11210,21,21,441,199,242,0.5488,9,0.0452,8,0.0402,136,0.6834,45,0.2261,64,36,1.7778,77,0.3869,1.0823,test,0
MAZE_01212,11211,21,21,441,199,242,0.5488,10,0.0503,9,0.0452,125,0.6281,54,0.2714,116,36,3.2222,165,0.8291,2.0256,train,2
MAZE_01213,11212,21,21,441,199,242,0.5488,11,0.0553,10,0.0503,134,0.6734,43,0.2161,68,36,1.8889,99,0.4975,1.1932,train,0
MAZE_01214,11213,21,21,441,199,242,0.5488,10,0.0503,9,0.0452,135,0.6784,43,0.2161,140,36,3.8889,185,0.9296,2.4093,train,2
MAZE_01215,11214,21,21,441,199,242,0.5488,9,0.0452,9,0.0452,133,0.6683,46,0.2312,100,36,2.7778,163,0.8191,1.7985,train,2
MAZE_01216,11215,21,21,441,199,242,0.5488,11,0.0553,10,0.0503,128,0.6432,49,0.2462,108,36,3,157,0.7889,1.8944,train,2
MAZE_01217,11216,21,21,441,199,242,0.5488,11,0.0553,10,0.0503,138,0.6935,39,0.196,56,36,1.5556,87,0.4372,0.9964,train,0
MAZE_01218,11217,21,21,441,199,242,0.5488,9,0.0452,8,0.0402,127,0.6382,54,0.2714,132,36,3.6667,185,0.9296,2.2982,train,2
MAZE_01219,11218,21,21,441,199,242,0.5488,14,0.0704,13,0.0653,123,0.6181,48,0.2412,68,36,1.8889,103,0.5176,1.2032,train,0
MAZE_01220,11219,21,21,441,199,242,0.5488,11,0.0553,11,0.0553,134,0.6734,41,0.206,64,36,1.7778,73,0.3668,1.0723,train,0
MAZE_01221,11220,21,21,441,199,242,0.5488,11,0.0553,11,0.0553,134,0.6734,41,0.206,48,36,1.3333,75,0.3769,0.8551,test,0
MAZE_01222,11221,21,21,441,199,242,0.5488,12,0.0603,12,0.0603,132,0.6633,41,0.206,64,36,1.7778,101,0.5075,1.1426,train,0
MAZE_01223,11222,21,21,441,199,242,0.5488,10,0.0503,10,0.0503,132,0.6633,45,0.2261,68,36,1.8889,103,0.5176,1.2032,train,0
MAZE_01224,11223,21,21,441,199,242,0.5488,14,0.0704,13,0.0653,134,0.6734,37,0.1859,80,36,2.2222,103,0.5176,1.3699,train,1
MAZE_01225,11224,21,21,441,199,242,0.5488,11,0.0553,11,0.0553,135,0.6784,40,0.201,100,36,2.7778,127,0.6382,1.708,train,1
MAZE_01226,11225,21,21,441,199,242,0.5488,14,0.0704,13,0.0653,125,0.6281,46,0.2312,76,36,2.1111,95,0.4774,1.2942,train,1
MAZE_01227,11226,21,21,441,199,242,0.5488,12,0.0603,11,0.0553,123,0.6181,52,0.2613,108,36,3,197,0.9899,1.995,train,2
MAZE_01228,11227,21,21,441,199,242,0.5488,10,0.0503,9,0.0452,126,0.6332,53,0.2663,104,36,2.8889,129,0.6482,1.7686,train,2
MAZE_01229,11228,21,21,441,199,242,0.5488,9,0.0452,9,0.0452,134,0.6734,45,0.2261,96,36,2.6667,129,0.6482,1.6575,train,1
MAZE_01230,11229,21,21,441,199,242,0.5488,8,0.0402,7,0.0352,138,0.6935,45,0.2261,120,36,3.3333,171,0.8593,2.0963,train,2
MAZE_01231,11230,21,21,441,199,242,0.5488,12,0.0603,11,0.0553,128,0.6432,47,0.2362,88,36,2.4444,111,0.5578,1.5011,train,1
MAZE_01232,11231,21,21,441,199,242,0.5488,9,0.0452,8,0.0402,140,0.7035,41,0.206,108,36,3,139,0.6985,1.8493,test,2
MAZE_01233,11232,21,21,441,199,242,0.5488,9,0.0452,8,0.0402,136,0.6834,45,0.2261,56,36,1.5556,71,0.3568,0.9562,test,0
MAZE_01234,11233,21,21,441,199,242,0.5488,11,0.0553,10,0.0503,126,0.6332,51,0.2563,100,36,2.7778,135,0.6784,1.7281,train,1
MAZE_01235,11234,21,21,441,199,242,0.5488,10,0.0503,9,0.0452,132,0.6633,47,0.2362,100,36,2.7778,125,0.6281,1.7029,train,1
MAZE_01236,11235,21,21,441,199,242,0.5488,12,0.0603,10,0.0503,137,0.6884,39,0.196,72,36,2,95,0.4774,1.2387,train,1
MAZE_01237,11236,21,21,441,199,242,0.5488,10,0.0503,9,0.0452,136,0.6834,43,0.2161,112,36,3.1111,139,0.6985,1.9048,train,2
MAZE_01238,11237,21,21,441,199,242,0.5488,14,0.0704,13,0.0653,123,0.6181,48,0.2412,104,36,2.8889,191,0.9598,1.9244,test,2
MAZE_01239,11238,21,21,441,199,242,0.5488,10,0.0503,10,0.0503,128,0.6432,49,0.2462,128,36,3.5556,197,0.9899,2.2728,train,2
MAZE_01240,11239,21,21,441,199,242,0.5488,10,0.0503,9,0.0452,131,0.6583,48,0.2412,60,36,1.6667,77,0.3869,1.0268,train,0
MAZE_01241,11240,21,21,441,199,242,0.5488,9,0.0452,8,0.0402,137,0.6884,44,0.2211,64,36,1.7778,83,0.4171,1.0975,train,0
MAZE_01242,11241,21,21,441,199,242,0.5488,10,0.0503,9,0.0452,130,0.6533,49,0.2462,140,36,3.8889,185,0.9296,2.4093,train,2
MAZE_01243,11242,21,21,441,199,242,0.5488,10,0.0503,9,0.0452,127,0.6382,52,0.2613,128,36,3.5556,179,0.8995,2.2275,train,2
MAZE_01244,11243,21,21,441,199,242,0.5488,11,0.0553,10,0.0503,137,0.6884,40,0.201,36,36,1,41,0.206,0.603,train,0
MAZE_01245,11244,21,21,441,199,242,0.5488,7,0.0352,6,0.0302,130,0.6533,55,0.2764,148,36,4.1111,187,0.9397,2.5254,train,2
MAZE_01246,11245,21,21,441,199,242,0.5488,9,0.0452,9,0.0452,129,0.6482,50,0.2513,84,36,2.3333,117,0.5879,1.4606,test,1
MAZE_01247,11246,21,21,441,199,242,0.5488,9,0.0452,8,0.0402,135,0.6784,45,0.2261,72,36,2,91,0.4573,1.2287,train,0
MAZE_01248,11247,21,21,441,199,242,0.5488,11,0.0553,10,0.0503,132,0.6633,44,0.2211,92,36,2.5556,123,0.6181,1.5869,train,1
MAZE_01249,11248,21,21,441,199,242,0.5488,15,0.0754,13,0.0653,125,0.6281,45,0.2261,76,36,2.1111,99,0.4975,1.3043,train,1
MAZE_01250,11249,21,21,441,199,242,0.5488,13,0.0653,12,0.0603,131,0.6583,42,0.2111,120,36,3.3333,169,0.8492,2.0913,train,2
MAZE_01251,11250,21,21,441,199,242,0.5488,10,0.0503,10,0.0503,129,0.6482,48,0.2412,108,36,3,141,0.7085,1.8542,train,2
MAZE_01252,11251,21,21,441,199,242,0.5488,11,0.0553,10,0.0503,137,0.6884,40,0.201,92,36,2.5556,143,0.7186,1.6371,train,1
MAZE_01253,11252,21,21,441,199,242,0.5488,9,0.0452,9,0.0452,133,0.6683,46,0.2312,72,36,2,87,0.4372,1.2186,train,0
MAZE_01254,11253,21,21,441,199,242,0.5488,9,0.0452,9,0.0452,131,0.6583,48,0.2412,108,36,3,146,0.7337,1.8668,train,2
MAZE_01255,11254,21,21,441,199,242,0.5488,8,0.0402,8,0.0402,130,0.6533,51,0.2563,104,36,2.8889,141,0.7085,1.7987,train,2
MAZE_01256,11255,21,21,441,199,242,0.5488,11,0.0553,11,0.0553,129,0.6482,46,0.2312,48,36,1.3333,65,0.3266,0.8299,train,0
MAZE_01257,11256,21,21,441,199,242,0.5488,10,0.0503,10,0.0503,127,0.6382,50,0.2513,96,36,2.6667,129,0.6482,1.6575,train,1
MAZE_01258,11257,21,21,441,199,242,0.5488,10,0.0503,9,0.0452,132,0.6633,47,0.2362,128,36,3.5556,191,0.9598,2.2577,test,2
MAZE_01259,11258,21,21,441,199,242,0.5488,10,0.0503,9,0.0452,138,0.6935,41,0.206,132,36,3.6667,187,0.9397,2.3032,train,2
MAZE_01260,11259,21,21,441,199,242,0.5488,10,0.0503,9,0.0452,135,0.6784,44,0.2211,52,36,1.4444,55,0.2764,0.8604,train,0
MAZE_01261,11260,21,21,441,199,242,0.5488,11,0.0553,10,0.0503,133,0.6683,44,0.2211,44,36,1.2222,55,0.2764,0.7493,train,0
MAZE_01262,11261,21,21,441,199,242,0.5488,11,0.0553,11,0.0553,131,0.6583,44,0.2211,72,36,2,113,0.5678,1.2839,test,1
MAZE_01263,11262,21,21,441,199,242,0.5488,10,0.0503,9,0.0452,134,0.6734,45,0.2261,60,36,1.6667,75,0.3769,1.0218,train,0
MAZE_01264,11263,21,21,441,199,242,0.5488,13,0.0653,13,0.0653,132,0.6633,39,0.196,92,36,2.5556,117,0.5879,1.5717,train,1
MAZE_01265,11264,21,21,441,199,242,0.5488,12,0.0603,11,0.0553,133,0.6683,42,0.2111,68,36,1.8889,75,0.3769,1.1329,test,0
MAZE_01266,11265,21,21,441,199,242,0.5488,11,0.0553,10,0.0503,131,0.6583,46,0.2312,88,36,2.4444,129,0.6482,1.5463,train,1
MAZE_01267,11266,21,21,441,199,242,0.5488,8,0.0402,8,0.0402,134,0.6734,47,0.2362,68,36,1.8889,91,0.4573,1.1731,train,0
MAZE_01268,11267,21,21,441,199,242,0.5488,13,0.0653,12,0.0603,123,0.6181,50,0.2513,100,36,2.7778,139,0.6985,1.7382,test,1
MAZE_01269,11268,21,21,441,199,242,0.5488,9,0.0452,8,0.0402,128,0.6432,53,0.2663,88,36,2.4444,105,0.5276,1.486,train,1
MAZE_01270,11269,21,21,441,199,242,0.5488,7,0.0352,7,0.0352,131,0.6583,52,0.2613,92,36,2.5556,123,0.6181,1.5869,train,1
MAZE_01271,11270,21,21,441,199,242,0.5488,11,0.0553,10,0.0503,128,0.6432,49,0.2462,76,36,2.1111,119,0.598,1.3545,test,1
MAZE_01272,11271,21,21,441,199,242,0.5488,14,0.0704,12,0.0603,129,0.6482,43,0.2161,64,36,1.7778,73,0.3668,1.0723,test,0
MAZE_01273,11272,21,21,441,199,242,0.5488,11,0.0553,10,0.0503,131,0.6583,46,0.2312,48,36,1.3333,69,0.3467,0.84,train,0
MAZE_01274,11273,21,21,441,199,242,0.5488,10,0.0503,9,0.0452,130,0.6533,49,0.2462,92,36,2.5556,121,0.608,1.5818,train,1
MAZE_01275,11274,21,21,441,199,242,0.5488,12,0.0603,11,0.0553,126,0.6332,49,0.2462,120,36,3.3333,189,0.9497,2.1415,train,2
MAZE_01276,11275,21,21,441,199,242,0.5488,12,0.0603,12,0.0603,131,0.6583,42,0.2111,88,36,2.4444,117,0.5879,1.5161,test,1
MAZE_01277,11276,21,21,441,199,242,0.5488,13,0.0653,12,0.0603,129,0.6482,44,0.2211,72,36,2,97,0.4874,1.2437,test,1
MAZE_01278,11277,21,21,441,199,242,0.5488,11,0.0553,11,0.0553,140,0.7035,35,0.1759,156,36,4.3333,190,0.9548,2.6441,train,2
MAZE_01279,11278,21,21,441,199,242,0.5488,7,0.0352,7,0.0352,134,0.6734,49,0.2462,132,36,3.6667,173,0.8693,2.268,train,2
MAZE_01280,11279,21,21,441,199,242,0.5488,11,0.0553,11,0.0553,129,0.6482,46,0.2312,120,36,3.3333,163,0.8191,2.0762,train,2
MAZE_01281,11280,21,21,441,199,242,0.5488,10,0.0503,9,0.0452,129,0.6482,50,0.2513,88,36,2.4444,115,0.5779,1.5111,train,1
MAZE_01282,11281,21,21,441,199,242,0.5488,12,0.0603,11,0.0553,130,0.6533,45,0.2261,124,36,3.4444,195,0.9799,2.2121,train,2
MAZE_01283,11282,21,21,441,199,242,0.5488,10,0.0503,10,0.0503,139,0.6985,38,0.191,124,36,3.4444,179,0.8995,2.1719,train,2
MAZE_01284,11283,21,21,441,199,242,0.5488,7,0.0352,6,0.0302,141,0.7085,44,0.2211,120,36,3.3333,159,0.799,2.0661,train,2
MAZE_01285,11284,21,21,441,199,242,0.5488,12,0.0603,11,0.0553,136,0.6834,39,0.196,68,36,1.8889,139,0.6985,1.2937,test,1
MAZE_01286,11285,21,21,441,199,242,0.5488,10,0.0503,10,0.0503,128,0.6432,49,0.2462,92,36,2.5556,173,0.8693,1.7125,train,1
MAZE_01287,11286,21,21,441,199,242,0.5488,9,0.0452,9,0.0452,137,0.6884,42,0.2111,88,36,2.4444,153,0.7688,1.6066,test,1
MAZE_01288,11287,21,21,441,199,242,0.5488,9,0.0452,9,0.0452,136,0.6834,43,0.2161,92,36,2.5556,137,0.6884,1.622,train,1
MAZE_01289,11288,21,21,441,199,242,0.5488,8,0.0402,8,0.0402,126,0.6332,55,0.2764,108,36,3,117,0.5879,1.7939,test,2
MAZE_01290,11289,21,21,441,199,242,0.5488,12,0.0603,11,0.0553,139,0.6985,36,0.1809,76,36,2.1111,103,0.5176,1.3143,train,1
MAZE_01291,11290,21,21,441,199,242,0.5488,5,0.0251,5,0.0251,141,0.7085,46,0.2312,168,36,4.6667,199,1,2.8333,train,2
MAZE_01292,11291,21,21,441,199,242,0.5488,9,0.0452,8,0.0402,142,0.7136,39,0.196,48,36,1.3333,61,0.3065,0.8199,train,0
MAZE_01293,11292,21,21,441,199,242,0.5488,10,0.0503,9,0.0452,140,0.7035,39,0.196,64,36,1.7778,103,0.5176,1.1477,train,0
MAZE_01294,11293,21,21,441,199,242,0.5488,9,0.0452,8,0.0402,138,0.6935,43,0.2161,44,36,1.2222,59,0.2965,0.7593,test,0
MAZE_01295,11294,21,21,441,199,242,0.5488,10,0.0503,9,0.0452,134,0.6734,45,0.2261,112,36,3.1111,173,0.8693,1.9902,train,2
MAZE_01296,11295,21,21,441,199,242,0.5488,9,0.0452,8,0.0402,132,0.6633,49,0.2462,60,36,1.6667,67,0.3367,1.0017,train,0
MAZE_01297,11296,21,21,441,199,242,0.5488,13,0.0653,12,0.0603,127,0.6382,46,0.2312,80,36,2.2222,89,0.4472,1.3347,train,1
MAZE_01298,11297,21,21,441,199,242,0.5488,10,0.0503,9,0.0452,127,0.6382,52,0.2613,132,36,3.6667,197,0.9899,2.3283,test,2
MAZE_01299,11298,21,21,441,199,242,0.5488,6,0.0302,5,0.0251,129,0.6482,58,0.2915,68,36,1.8889,77,0.3869,1.1379,train,0
MAZE_01300,11299,21,21,441,199,242,0.5488,8,0.0402,7,0.0352,140,0.7035,43,0.2161,112,36,3.1111,165,0.8291,1.9701,test,2
MAZE_01301,11300,21,21,441,199,242,0.5488,13,0.0653,12,0.0603,131,0.6583,42,0.2111,100,36,2.7778,123,0.6181,1.698,train,1
MAZE_01302,11301,21,21,441,199,242,0.5488,13,0.0653,12,0.0603,135,0.6784,38,0.191,68,36,1.8889,83,0.4171,1.153,test,0
MAZE_01303,11302,21,21,441,199,242,0.5488,9,0.0452,8,0.0402,139,0.6985,42,0.2111,72,36,2,77,0.3869,1.1934,train,0
MAZE_01304,11303,21,21,441,199,242,0.5488,13,0.0653,12,0.0603,126,0.6332,47,0.2362,68,36,1.8889,81,0.407,1.148,train,0
MAZE_01305,11304,21,21,441,199,242,0.5488,9,0.0452,9,0.0452,133,0.6683,46,0.2312,72,36,2,85,0.4271,1.2135,train,0
MAZE_01306,11305,21,21,441,199,242,0.5488,11,0.0553,11,0.0553,129,0.6482,46,0.2312,144,36,4,199,1,2.5,train,2
MAZE_01307,11306,21,21,441,199,242,0.5488,11,0.0553,10,0.0503,137,0.6884,40,0.201,92,36,2.5556,125,0.6281,1.5918,train,1
MAZE_01308,11307,21,21,441,199,242,0.5488,11,0.0553,10,0.0503,130,0.6533,47,0.2362,56,36,1.5556,65,0.3266,0.9411,train,0
MAZE_01309,11308,21,21,441,199,242,0.5488,11,0.0553,10,0.0503,126,0.6332,51,0.2563,56,36,1.5556,65,0.3266,0.9411,train,0
MAZE_01310,11309,21,21,441,199,242,0.5488,10,0.0503,9,0.0452,138,0.6935,41,0.206,120,36,3.3333,179,0.8995,2.1164,train,2
MAZE_01311,11310,21,21,441,199,242,0.5488,11,0.0553,10,0.0503,135,0.6784,42,0.2111,132,36,3.6667,179,0.8995,2.2831,train,2
MAZE_01312,11311,21,21,441,199,242,0.5488,11,0.0553,10,0.0503,130,0.6533,47,0.2362,72,36,2,85,0.4271,1.2135,train,0
MAZE_01313,11312,21,21,441,199,242,0.5488,11,0.0553,9,0.0452,131,0.6583,47,0.2362,116,36,3.2222,189,0.9497,2.0859,train,2
MAZE_01314,11313,21,21,441,199,242,0.5488,12,0.0603,11,0.0553,133,0.6683,42,0.2111,112,36,3.1111,159,0.799,1.955,train,2
MAZE_01315,11314,21,21,441,199,242,0.5488,10,0.0503,9,0.0452,138,0.6935,41,0.206,52,36,1.4444,69,0.3467,0.8955,train,0
MAZE_01316,11315,21,21,441,199,242,0.5488,11,0.0553,10,0.0503,136,0.6834,41,0.206,76,36,2.1111,103,0.5176,1.3143,train,1
MAZE_01317,11316,21,21,441,199,242,0.5488,14,0.0704,13,0.0653,127,0.6382,44,0.2211,52,36,1.4444,61,0.3065,0.8754,train,0
MAZE_01318,11317,21,21,441,199,242,0.5488,10,0.0503,9,0.0452,134,0.6734,45,0.2261,128,36,3.5556,187,0.9397,2.2477,train,2
MAZE_01319,11318,21,21,441,199,242,0.5488,11,0.0553,11,0.0553,130,0.6533,45,0.2261,72,36,2,97,0.4874,1.2437,train,1
MAZE_01320,11319,21,21,441,199,242,0.5488,12,0.0603,11,0.0553,127,0.6382,47,0.2362,44,36,1.2222,55,0.2764,0.7493,test,0
MAZE_01321,11320,21,21,441,199,242,0.5488,13,0.0653,12,0.0603,132,0.6633,41,0.206,72,36,2,105,0.5276,1.2638,train,1
MAZE_01322,11321,21,21,441,199,242,0.5488,8,0.0402,7,0.0352,136,0.6834,47,0.2362,156,36,4.3333,185,0.9296,2.6315,train,2
MAZE_01323,11322,21,21,441,199,242,0.5488,11,0.0553,10,0.0503,138,0.6935,39,0.196,120,36,3.3333,173,0.8693,2.1013,train,2
MAZE_01324,11323,21,21,441,199,242,0.5488,12,0.0603,11,0.0553,130,0.6533,45,0.2261,56,36,1.5556,85,0.4271,0.9914,test,0
MAZE_01325,11324,21,21,441,199,242,0.5488,10,0.0503,10,0.0503,128,0.6432,49,0.2462,84,36,2.3333,99,0.4975,1.4154,train,1
MAZE_01326,11325,21,21,441,199,242,0.5488,11,0.0553,10,0.0503,131,0.6583,46,0.2312,112,36,3.1111,141,0.7085,1.9098,test,2
MAZE_01327,11326,21,21,441,199,242,0.5488,10,0.0503,9,0.0452,127,0.6382,52,0.2613,68,36,1.8889,91,0.4573,1.1731,test,0
MAZE_01328,11327,21,21,441,199,242,0.5488,12,0.0603,11,0.0553,130,0.6533,45,0.2261,84,36,2.3333,157,0.7889,1.5611,test,1
MAZE_01329,11328,21,21,441,199,242,0.5488,11,0.0553,11,0.0553,129,0.6482,46,0.2312,64,36,1.7778,107,0.5377,1.1578,train,0
MAZE_01330,11329,21,21,441,199,242,0.5488,11,0.0553,11,0.0553,135,0.6784,40,0.201,60,36,1.6667,85,0.4271,1.0469,test,0
MAZE_01331,11330,21,21,441,199,242,0.5488,12,0.0603,11,0.0553,131,0.6583,44,0.2211,44,36,1.2222,51,0.2563,0.7392,train,0
MAZE_01332,11331,21,21,441,199,242,0.5488,7,0.0352,6,0.0302,133,0.6683,52,0.2613,56,36,1.5556,61,0.3065,0.9311,train,0
MAZE_01333,11332,21,21,441,199,242,0.5488,10,0.0503,9,0.0452,133,0.6683,46,0.2312,84,36,2.3333,117,0.5879,1.4606,train,1
MAZE_01334,11333,21,21,441,199,242,0.5488,10,0.0503,8,0.0402,135,0.6784,45,0.2261,112,36,3.1111,143,0.7186,1.9148,train,2
MAZE_01335,11334,21,21,441,199,242,0.5488,13,0.0653,13,0.0653,130,0.6533,41,0.206,88,36,2.4444,199,1,1.7222,train,1
MAZE_01336,11335,21,21,441,199,242,0.5488,11,0.0553,11,0.0553,136,0.6834,39,0.196,80,36,2.2222,133,0.6683,1.4452,train,1
MAZE_01337,11336,21,21,441,199,242,0.5488,14,0.0704,13,0.0653,138,0.6935,33,0.1658,80,36,2.2222,95,0.4774,1.3498,train,1
MAZE_01338,11337,21,21,441,199,242,0.5488,10,0.0503,8,0.0402,138,0.6935,42,0.2111,72,36,2,81,0.407,1.2035,test,0
MAZE_01339,11338,21,21,441,199,242,0.5488,7,0.0352,6,0.0302,128,0.6432,56,0.2814,116,36,3.2222,151,0.7588,1.9905,train,2
MAZE_01340,11339,21,21,441,199,242,0.5488,11,0.0553,10,0.0503,119,0.598,58,0.2915,108,36,3,143,0.7186,1.8593,train,2
MAZE_01341,11340,21,21,441,199,242,0.5488,13,0.0653,12,0.0603,132,0.6633,41,0.206,96,36,2.6667,191,0.9598,1.8133,train,2
MAZE_01342,11341,21,21,441,199,242,0.5488,8,0.0402,7,0.0352,137,0.6884,46,0.2312,120,36,3.3333,161,0.809,2.0711,train,2
MAZE_01343,11342,21,21,441,199,242,0.5488,10,0.0503,9,0.0452,129,0.6482,50,0.2513,116,36,3.2222,169,0.8492,2.0357,train,2
MAZE_01344,11343,21,21,441,199,242,0.5488,9,0.0452,9,0.0452,133,0.6683,46,0.2312,108,36,3,165,0.8291,1.9145,train,2
MAZE_01345,11344,21,21,441,199,242,0.5488,13,0.0653,11,0.0553,127,0.6382,47,0.2362,88,36,2.4444,127,0.6382,1.5413,test,1
MAZE_01346,11345,21,21,441,199,242,0.5488,5,0.0251,4,0.0201,137,0.6884,52,0.2613,68,36,1.8889,75,0.3769,1.1329,test,0
MAZE_01347,11346,21,21,441,199,242,0.5488,11,0.0553,10,0.0503,129,0.6482,48,0.2412,120,36,3.3333,165,0.8291,2.0812,train,2
MAZE_01348,11347,21,21,441,199,242,0.5488,8,0.0402,7,0.0352,132,0.6633,51,0.2563,80,36,2.2222,93,0.4673,1.3447,train,1
MAZE_01349,11348,21,21,441,199,242,0.5488,13,0.0653,12,0.0603,129,0.6482,44,0.2211,60,36,1.6667,73,0.3668,1.0168,train,0
MAZE_01350,11349,21,21,441,199,242,0.5488,8,0.0402,7,0.0352,127,0.6382,56,0.2814,160,36,4.4444,177,0.8894,2.6669,test,2
MAZE_01351,11350,21,21,441,199,242,0.5488,10,0.0503,9,0.0452,127,0.6382,52,0.2613,68,36,1.8889,77,0.3869,1.1379,train,0
MAZE_01352,11351,21,21,441,199,242,0.5488,11,0.0553,10,0.0503,132,0.6633,45,0.2261,48,36,1.3333,55,0.2764,0.8048,train,0
MAZE_01353,11352,21,21,441,199,242,0.5488,14,0.0704,13,0.0653,134,0.6734,37,0.1859,136,36,3.7778,185,0.9296,2.3537,train,2
MAZE_01354,11353,21,21,441,199,242,0.5488,11,0.0553,10,0.0503,129,0.6482,48,0.2412,52,36,1.4444,57,0.2864,0.8654,train,0
MAZE_01355,11354,21,21,441,199,242,0.5488,7,0.0352,6,0.0302,143,0.7186,42,0.2111,96,36,2.6667,105,0.5276,1.5972,train,1
MAZE_01356,11355,21,21,441,199,242,0.5488,9,0.0452,8,0.0402,127,0.6382,54,0.2714,140,36,3.8889,195,0.9799,2.4344,test,2
MAZE_01357,11356,21,21,441,199,242,0.5488,15,0.0754,13,0.0653,125,0.6281,45,0.2261,128,36,3.5556,193,0.9698,2.2627,train,2
MAZE_01358,11357,21,21,441,199,242,0.5488,11,0.0553,11,0.0553,134,0.6734,41,0.206,136,36,3.7778,195,0.9799,2.3788,train,2
MAZE_01359,11358,21,21,441,199,242,0.5488,12,0.0603,11,0.0553,138,0.6935,37,0.1859,104,36,2.8889,155,0.7789,1.8339,train,2
MAZE_01360,11359,21,21,441,199,242,0.5488,13,0.0653,13,0.0653,126,0.6332,45,0.2261,80,36,2.2222,97,0.4874,1.3548,train,1
MAZE_01361,11360,21,21,441,199,242,0.5488,9,0.0452,9,0.0452,139,0.6985,40,0.201,124,36,3.4444,193,0.9698,2.2071,train,2
MAZE_01362,11361,21,21,441,199,242,0.5488,10,0.0503,9,0.0452,142,0.7136,37,0.1859,48,36,1.3333,53,0.2663,0.7998,train,0
MAZE_01363,11362,21,21,441,199,242,0.5488,11,0.0553,10,0.0503,126,0.6332,51,0.2563,108,36,3,125,0.6281,1.814,test,2
MAZE_01364,11363,21,21,441,199,242,0.5488,9,0.0452,9,0.0452,131,0.6583,48,0.2412,88,36,2.4444,111,0.5578,1.5011,test,1
MAZE_01365,11364,21,21,441,199,242,0.5488,11,0.0553,10,0.0503,134,0.6734,43,0.2161,112,36,3.1111,185,0.9296,2.0204,train,2
MAZE_01366,11365,21,21,441,199,242,0.5488,9,0.0452,8,0.0402,129,0.6482,52,0.2613,116,36,3.2222,159,0.799,2.0106,test,2
MAZE_01367,11366,21,21,441,199,242,0.5488,9,0.0452,9,0.0452,131,0.6583,48,0.2412,76,36,2.1111,107,0.5377,1.3244,train,1
MAZE_01368,11367,21,21,441,199,242,0.5488,13,0.0653,12,0.0603,122,0.6131,51,0.2563,92,36,2.5556,133,0.6683,1.6119,train,1
MAZE_01369,11368,21,21,441,199,242,0.5488,9,0.0452,8,0.0402,126,0.6332,55,0.2764,64,36,1.7778,85,0.4271,1.1024,train,0
MAZE_01370,11369,21,21,441,199,242,0.5488,12,0.0603,12,0.0603,130,0.6533,43,0.2161,96,36,2.6667,173,0.8693,1.768,train,2
MAZE_01371,11370,21,21,441,199,242,0.5488,10,0.0503,9,0.0452,130,0.6533,49,0.2462,64,36,1.7778,83,0.4171,1.0975,test,0
MAZE_01372,11371,21,21,441,199,242,0.5488,13,0.0653,12,0.0603,130,0.6533,43,0.2161,60,36,1.6667,85,0.4271,1.0469,train,0
MAZE_01373,11372,21,21,441,199,242,0.5488,10,0.0503,8,0.0402,139,0.6985,41,0.206,60,36,1.6667,75,0.3769,1.0218,train,0
MAZE_01374,11373,21,21,441,199,242,0.5488,8,0.0402,8,0.0402,134,0.6734,47,0.2362,60,36,1.6667,73,0.3668,1.0168,train,0
MAZE_01375,11374,21,21,441,199,242,0.5488,10,0.0503,9,0.0452,131,0.6583,48,0.2412,56,36,1.5556,65,0.3266,0.9411,train,0
MAZE_01376,11375,21,21,441,199,242,0.5488,15,0.0754,14,0.0704,130,0.6533,39,0.196,120,36,3.3333,183,0.9196,2.1265,train,2
MAZE_01377,11376,21,21,441,199,242,0.5488,9,0.0452,8,0.0402,130,0.6533,51,0.2563,44,36,1.2222,59,0.2965,0.7593,train,0
MAZE_01378,11377,21,21,441,199,242,0.5488,12,0.0603,12,0.0603,123,0.6181,50,0.2513,104,36,2.8889,135,0.6784,1.7836,train,2
MAZE_01379,11378,21,21,441,199,242,0.5488,10,0.0503,9,0.0452,128,0.6432,51,0.2563,72,36,2,91,0.4573,1.2287,test,0
MAZE_01380,11379,21,21,441,199,242,0.5488,9,0.0452,8,0.0402,129,0.6482,52,0.2613,132,36,3.6667,185,0.9296,2.2982,test,2
MAZE_01381,11380,21,21,441,199,242,0.5488,9,0.0452,8,0.0402,133,0.6683,48,0.2412,104,36,2.8889,187,0.9397,1.9143,test,2
MAZE_01382,11381,21,21,441,199,242,0.5488,11,0.0553,10,0.0503,130,0.6533,47,0.2362,68,36,1.8889,79,0.397,1.1429,train,0
MAZE_01383,11382,21,21,441,199,242,0.5488,10,0.0503,10,0.0503,124,0.6231,53,0.2663,72,36,2,93,0.4673,1.2336,train,1
MAZE_01384,11383,21,21,441,199,242,0.5488,6,0.0302,6,0.0302,139,0.6985,46,0.2312,104,36,2.8889,121,0.608,1.7485,train,2
MAZE_01385,11384,21,21,441,199,242,0.5488,11,0.0553,10,0.0503,123,0.6181,54,0.2714,72,36,2,87,0.4372,1.2186,train,0
MAZE_01386,11385,21,21,441,199,242,0.5488,11,0.0553,10,0.0503,140,0.7035,37,0.1859,88,36,2.4444,101,0.5075,1.4759,test,1
MAZE_01387,11386,21,21,441,199,242,0.5488,11,0.0553,10,0.0503,133,0.6683,44,0.2211,80,36,2.2222,101,0.5075,1.3648,test,1
MAZE_01388,11387,21,21,441,199,242,0.5488,12,0.0603,11,0.0553,133,0.6683,42,0.2111,132,36,3.6667,187,0.9397,2.3032,train,2
MAZE_01389,11388,21,21,441,199,242,0.5488,9,0.0452,9,0.0452,132,0.6633,47,0.2362,112,36,3.1111,181,0.9095,2.0103,train,2
MAZE_01390,11389,21,21,441,199,242,0.5488,12,0.0603,11,0.0553,136,0.6834,39,0.196,36,36,1,43,0.2161,0.608,train,0
MAZE_01391,11390,21,21,441,199,242,0.5488,12,0.0603,11,0.0553,128,0.6432,47,0.2362,84,36,2.3333,109,0.5477,1.4405,test,1
MAZE_01392,11391,21,21,441,199,242,0.5488,10,0.0503,10,0.0503,122,0.6131,55,0.2764,72,36,2,93,0.4673,1.2336,test,1
MAZE_01393,11392,21,21,441,199,242,0.5488,11,0.0553,10,0.0503,130,0.6533,47,0.2362,72,36,2,89,0.4472,1.2236,train,0
MAZE_01394,11393,21,21,441,199,242,0.5488,9,0.0452,9,0.0452,129,0.6482,50,0.2513,76,36,2.1111,107,0.5377,1.3244,train,1
MAZE_01395,11394,21,21,441,199,242,0.5488,10,0.0503,10,0.0503,136,0.6834,41,0.206,92,36,2.5556,121,0.608,1.5818,train,1
MAZE_01396,11395,21,21,441,199,242,0.5488,8,0.0402,8,0.0402,128,0.6432,53,0.2663,76,36,2.1111,93,0.4673,1.2892,train,1
MAZE_01397,11396,21,21,441,199,242,0.5488,9,0.0452,8,0.0402,141,0.7085,40,0.201,112,36,3.1111,171,0.8593,1.9852,train,2
MAZE_01398,11397,21,21,441,199,242,0.5488,13,0.0653,11,0.0553,136,0.6834,38,0.191,92,36,2.5556,121,0.608,1.5818,train,1
MAZE_01399,11398,21,21,441,199,242,0.5488,11,0.0553,10,0.0503,128,0.6432,49,0.2462,92,36,2.5556,123,0.6181,1.5869,test,1
MAZE_01400,11399,21,21,441,199,242,0.5488,11,0.0553,10,0.0503,132,0.6633,45,0.2261,64,36,1.7778,89,0.4472,1.1125,train,0
MAZE_01401,11400,21,21,441,199,242,0.5488,10,0.0503,9,0.0452,121,0.608,58,0.2915,152,36,4.2222,195,0.9799,2.601,train,2
MAZE_01402,11401,21,21,441,199,242,0.5488,9,0.0452,9,0.0452,138,0.6935,41,0.206,84,36,2.3333,125,0.6281,1.4807,train,1
MAZE_01403,11402,21,21,441,199,242,0.5488,12,0.0603,10,0.0503,132,0.6633,44,0.2211,72,36,2,109,0.5477,1.2738,train,1
MAZE_01404,11403,21,21,441,199,242,0.5488,11,0.0553,10,0.0503,130,0.6533,47,0.2362,108,36,3,193,0.9698,1.9849,test,2
MAZE_01405,11404,21,21,441,199,242,0.5488,8,0.0402,7,0.0352,142,0.7136,41,0.206,60,36,1.6667,65,0.3266,0.9967,test,0
MAZE_01406,11405,21,21,441,199,242,0.5488,14,0.0704,14,0.0704,127,0.6382,42,0.2111,56,36,1.5556,73,0.3668,0.9612,train,0
MAZE_01407,11406,21,21,441,199,242,0.5488,14,0.0704,12,0.0603,125,0.6281,47,0.2362,72,36,2,95,0.4774,1.2387,test,1
MAZE_01408,11407,21,21,441,199,242,0.5488,12,0.0603,12,0.0603,133,0.6683,40,0.201,72,36,2,121,0.608,1.304,train,1
MAZE_01409,11408,21,21,441,199,242,0.5488,11,0.0553,9,0.0452,126,0.6332,52,0.2613,68,36,1.8889,79,0.397,1.1429,train,0
MAZE_01410,11409,21,21,441,199,242,0.5488,13,0.0653,12,0.0603,125,0.6281,48,0.2412,144,36,4,195,0.9799,2.4899,train,2
MAZE_01411,11410,21,21,441,199,242,0.5488,12,0.0603,12,0.0603,127,0.6382,46,0.2312,92,36,2.5556,119,0.598,1.5768,train,1
MAZE_01412,11411,21,21,441,199,242,0.5488,11,0.0553,11,0.0553,127,0.6382,48,0.2412,80,36,2.2222,105,0.5276,1.3749,test,1
MAZE_01413,11412,21,21,441,199,242,0.5488,10,0.0503,9,0.0452,127,0.6382,52,0.2613,148,36,4.1111,195,0.9799,2.5455,train,2
MAZE_01414,11413,21,21,441,199,242,0.5488,10,0.0503,9,0.0452,135,0.6784,44,0.2211,52,36,1.4444,59,0.2965,0.8704,train,0
MAZE_01415,11414,21,21,441,199,242,0.5488,10,0.0503,9,0.0452,137,0.6884,42,0.2111,72,36,2,99,0.4975,1.2488,train,1
MAZE_01416,11415,21,21,441,199,242,0.5488,11,0.0553,10,0.0503,131,0.6583,46,0.2312,64,36,1.7778,91,0.4573,1.1176,train,0
MAZE_01417,11416,21,21,441,199,242,0.5488,11,0.0553,10,0.0503,127,0.6382,50,0.2513,84,36,2.3333,113,0.5678,1.4506,train,1
MAZE_01418,11417,21,21,441,199,242,0.5488,13,0.0653,11,0.0553,128,0.6432,46,0.2312,104,36,2.8889,135,0.6784,1.7836,train,2
MAZE_01419,11418,21,21,441,199,242,0.5488,12,0.0603,12,0.0603,126,0.6332,47,0.2362,136,36,3.7778,191,0.9598,2.3688,train,2
MAZE_01420,11419,21,21,441,199,242,0.5488,13,0.0653,13,0.0653,130,0.6533,41,0.206,112,36,3.1111,171,0.8593,1.9852,train,2
MAZE_01421,11420,21,21,441,199,242,0.5488,12,0.0603,12,0.0603,131,0.6583,42,0.2111,144,36,4,199,1,2.5,train,2
MAZE_01422,11421,21,21,441,199,242,0.5488,10,0.0503,9,0.0452,131,0.6583,48,0.2412,108,36,3,123,0.6181,1.8091,train,2
MAZE_01423,11422,21,21,441,199,242,0.5488,11,0.0553,10,0.0503,128,0.6432,49,0.2462,88,36,2.4444,93,0.4673,1.4558,train,1
MAZE_01424,11423,21,21,441,199,242,0.5488,8,0.0402,8,0.0402,138,0.6935,43,0.2161,76,36,2.1111,97,0.4874,1.2993,train,1
MAZE_01425,11424,21,21,441,199,242,0.5488,11,0.0553,10,0.0503,137,0.6884,40,0.201,92,36,2.5556,177,0.8894,1.7225,train,1
MAZE_01426,11425,21,21,441,199,242,0.5488,10,0.0503,9,0.0452,134,0.6734,45,0.2261,136,36,3.7778,193,0.9698,2.3738,train,2
MAZE_01427,11426,21,21,441,199,242,0.5488,12,0.0603,11,0.0553,135,0.6784,40,0.201,124,36,3.4444,157,0.7889,2.1166,train,2
MAZE_01428,11427,21,21,441,199,242,0.5488,10,0.0503,9,0.0452,135,0.6784,44,0.2211,64,36,1.7778,79,0.397,1.0874,test,0
MAZE_01429,11428,21,21,441,199,242,0.5488,9,0.0452,8,0.0402,125,0.6281,56,0.2814,100,36,2.7778,141,0.7085,1.7431,train,2
MAZE_01430,11429,21,21,441,199,242,0.5488,13,0.0653,12,0.0603,126,0.6332,47,0.2362,64,36,1.7778,81,0.407,1.0924,train,0
MAZE_01431,11430,21,21,441,199,242,0.5488,13,0.0653,12,0.0603,135,0.6784,38,0.191,84,36,2.3333,119,0.598,1.4656,test,1
MAZE_01432,11431,21,21,441,199,242,0.5488,14,0.0704,12,0.0603,128,0.6432,44,0.2211,104,36,2.8889,187,0.9397,1.9143,train,2
MAZE_01433,11432,21,21,441,199,242,0.5488,10,0.0503,9,0.0452,145,0.7286,34,0.1709,60,36,1.6667,73,0.3668,1.0168,train,0
MAZE_01434,11433,21,21,441,199,242,0.5488,8,0.0402,7,0.0352,134,0.6734,49,0.2462,80,36,2.2222,123,0.6181,1.4202,train,1
MAZE_01435,11434,21,21,441,199,242,0.5488,10,0.0503,9,0.0452,133,0.6683,46,0.2312,60,36,1.6667,79,0.397,1.0318,train,0
MAZE_01436,11435,21,21,441,199,242,0.5488,13,0.0653,12,0.0603,119,0.598,54,0.2714,56,36,1.5556,69,0.3467,0.9512,train,0
MAZE_01437,11436,21,21,441,199,242,0.5488,11,0.0553,11,0.0553,136,0.6834,39,0.196,72,36,2,91,0.4573,1.2287,train,0
MAZE_01438,11437,21,21,441,199,242,0.5488,11,0.0553,11,0.0553,131,0.6583,44,0.2211,52,36,1.4444,65,0.3266,0.8855,train,0
MAZE_01439,11438,21,21,441,199,242,0.5488,11,0.0553,10,0.0503,130,0.6533,47,0.2362,108,36,3,195,0.9799,1.9899,train,2
MAZE_01440,11439,21,21,441,199,242,0.5488,9,0.0452,9,0.0452,129,0.6482,50,0.2513,136,36,3.7778,193,0.9698,2.3738,train,2
MAZE_01441,11440,21,21,441,199,242,0.5488,7,0.0352,7,0.0352,140,0.7035,43,0.2161,100,36,2.7778,149,0.7487,1.7632,train,2
MAZE_01442,11441,21,21,441,199,242,0.5488,10,0.0503,9,0.0452,135,0.6784,44,0.2211,112,36,3.1111,135,0.6784,1.8947,train,2
MAZE_01443,11442,21,21,441,199,242,0.5488,10,0.0503,9,0.0452,138,0.6935,41,0.206,64,36,1.7778,73,0.3668,1.0723,train,0
MAZE_01444,11443,21,21,441,199,242,0.5488,8,0.0402,8,0.0402,138,0.6935,43,0.2161,64,36,1.7778,69,0.3467,1.0623,train,0
MAZE_01445,11444,21,21,441,199,242,0.5488,10,0.0503,9,0.0452,129,0.6482,50,0.2513,132,36,3.6667,185,0.9296,2.2982,test,2
MAZE_01446,11445,21,21,441,199,242,0.5488,8,0.0402,7,0.0352,123,0.6181,60,0.3015,88,36,2.4444,105,0.5276,1.486,train,1
MAZE_01447,11446,21,21,441,199,242,0.5488,8,0.0402,7,0.0352,139,0.6985,44,0.2211,140,36,3.8889,184,0.9246,2.4068,train,2
MAZE_01448,11447,21,21,441,199,242,0.5488,11,0.0553,10,0.0503,123,0.6181,54,0.2714,48,36,1.3333,73,0.3668,0.85,train,0
MAZE_01449,11448,21,21,441,199,242,0.5488,11,0.0553,11,0.0553,132,0.6633,43,0.2161,140,36,3.8889,199,1,2.4444,train,2
MAZE_01450,11449,21,21,441,199,242,0.5488,12,0.0603,10,0.0503,138,0.6935,38,0.191,112,36,3.1111,179,0.8995,2.0053,train,2
MAZE_01451,11450,21,21,441,199,242,0.5488,10,0.0503,9,0.0452,130,0.6533,49,0.2462,120,36,3.3333,143,0.7186,2.0259,train,2
MAZE_01452,11451,21,21,441,199,242,0.5488,13,0.0653,12,0.0603,124,0.6231,49,0.2462,76,36,2.1111,111,0.5578,1.3344,train,1
MAZE_01453,11452,21,21,441,199,242,0.5488,13,0.0653,13,0.0653,120,0.603,51,0.2563,72,36,2,111,0.5578,1.2789,train,1
MAZE_01454,11453,21,21,441,199,242,0.5488,11,0.0553,10,0.0503,134,0.6734,43,0.2161,112,36,3.1111,159,0.799,1.955,train,2
MAZE_01455,11454,21,21,441,199,242,0.5488,9,0.0452,9,0.0452,130,0.6533,49,0.2462,76,36,2.1111,107,0.5377,1.3244,test,1
MAZE_01456,11455,21,21,441,199,242,0.5488,9,0.0452,8,0.0402,132,0.6633,49,0.2462,52,36,1.4444,63,0.3166,0.8805,train,0
MAZE_01457,11456,21,21,441,199,242,0.5488,13,0.0653,12,0.0603,133,0.6683,40,0.201,92,36,2.5556,131,0.6583,1.607,test,1
MAZE_01458,11457,21,21,441,199,242,0.5488,14,0.0704,13,0.0653,126,0.6332,45,0.2261,92,36,2.5556,135,0.6784,1.617,train,1
MAZE_01459,11458,21,21,441,199,242,0.5488,10,0.0503,7,0.0352,131,0.6583,50,0.2513,88,36,2.4444,141,0.7085,1.5764,train,1
MAZE_01460,11459,21,21,441,199,242,0.5488,11,0.0553,11,0.0553,129,0.6482,46,0.2312,92,36,2.5556,145,0.7286,1.6421,train,1
MAZE_01461,11460,21,21,441,199,242,0.5488,11,0.0553,11,0.0553,135,0.6784,40,0.201,108,36,3,185,0.9296,1.9648,test,2
MAZE_01462,11461,21,21,441,199,242,0.5488,10,0.0503,10,0.0503,136,0.6834,41,0.206,128,36,3.5556,189,0.9497,2.2527,train,2
MAZE_01463,11462,21,21,441,199,242,0.5488,9,0.0452,8,0.0402,128,0.6432,53,0.2663,68,36,1.8889,89,0.4472,1.1681,train,0
MAZE_01464,11463,21,21,441,199,242,0.5488,9,0.0452,8,0.0402,134,0.6734,47,0.2362,96,36,2.6667,131,0.6583,1.6625,train,1
MAZE_01465,11464,21,21,441,199,242,0.5488,10,0.0503,10,0.0503,124,0.6231,53,0.2663,84,36,2.3333,119,0.598,1.4656,train,1
MAZE_01466,11465,21,21,441,199,242,0.5488,10,0.0503,10,0.0503,129,0.6482,48,0.2412,80,36,2.2222,119,0.598,1.4101,train,1
MAZE_01467,11466,21,21,441,199,242,0.5488,8,0.0402,7,0.0352,128,0.6432,55,0.2764,100,36,2.7778,117,0.5879,1.6828,test,1
MAZE_01468,11467,21,21,441,199,242,0.5488,12,0.0603,11,0.0553,129,0.6482,46,0.2312,112,36,3.1111,153,0.7688,1.94,train,2
MAZE_01469,11468,21,21,441,199,242,0.5488,9,0.0452,7,0.0352,136,0.6834,46,0.2312,84,36,2.3333,93,0.4673,1.4003,test,1
MAZE_01470,11469,21,21,441,199,242,0.5488,10,0.0503,10,0.0503,133,0.6683,44,0.2211,92,36,2.5556,111,0.5578,1.5567,train,1
MAZE_01471,11470,21,21,441,199,242,0.5488,8,0.0402,7,0.0352,139,0.6985,44,0.2211,88,36,2.4444,107,0.5377,1.491,train,1
MAZE_01472,11471,21,21,441,199,242,0.5488,10,0.0503,9,0.0452,126,0.6332,53,0.2663,72,36,2,81,0.407,1.2035,train,0
MAZE_01473,11472,21,21,441,199,242,0.5488,8,0.0402,8,0.0402,130,0.6533,51,0.2563,148,36,4.1111,199,1,2.5556,train,2
MAZE_01474,11473,21,21,441,199,242,0.5488,9,0.0452,8,0.0402,134,0.6734,47,0.2362,76,36,2.1111,79,0.397,1.254,train,1
MAZE_01475,11474,21,21,441,199,242,0.5488,11,0.0553,9,0.0452,137,0.6884,41,0.206,100,36,2.7778,139,0.6985,1.7382,train,1
MAZE_01476,11475,21,21,441,199,242,0.5488,13,0.0653,11,0.0553,133,0.6683,41,0.206,60,36,1.6667,67,0.3367,1.0017,train,0
MAZE_01477,11476,21,21,441,199,242,0.5488,11,0.0553,10,0.0503,137,0.6884,40,0.201,116,36,3.2222,157,0.7889,2.0055,train,2
MAZE_01478,11477,21,21,441,199,242,0.5488,11,0.0553,10,0.0503,137,0.6884,40,0.201,92,36,2.5556,107,0.5377,1.5467,train,1
MAZE_01479,11478,21,21,441,199,242,0.5488,9,0.0452,8,0.0402,133,0.6683,48,0.2412,60,36,1.6667,67,0.3367,1.0017,train,0
MAZE_01480,11479,21,21,441,199,242,0.5488,12,0.0603,10,0.0503,125,0.6281,51,0.2563,68,36,1.8889,95,0.4774,1.1831,train,0
MAZE_01481,11480,21,21,441,199,242,0.5488,12,0.0603,11,0.0553,127,0.6382,48,0.2412,84,36,2.3333,101,0.5075,1.4204,train,1
MAZE_01482,11481,21,21,441,199,242,0.5488,14,0.0704,13,0.0653,138,0.6935,33,0.1658,72,36,2,105,0.5276,1.2638,test,1
MAZE_01483,11482,21,21,441,199,242,0.5488,12,0.0603,12,0.0603,133,0.6683,40,0.201,84,36,2.3333,133,0.6683,1.5008,test,1
MAZE_01484,11483,21,21,441,199,242,0.5488,9,0.0452,8,0.0402,140,0.7035,41,0.206,48,36,1.3333,69,0.3467,0.84,test,0
MAZE_01485,11484,21,21,441,199,242,0.5488,8,0.0402,7,0.0352,128,0.6432,55,0.2764,124,36,3.4444,195,0.9799,2.2121,train,2
MAZE_01486,11485,21,21,441,199,242,0.5488,10,0.0503,10,0.0503,125,0.6281,52,0.2613,88,36,2.4444,131,0.6583,1.5514,train,1
MAZE_01487,11486,21,21,441,199,242,0.5488,13,0.0653,12,0.0603,137,0.6884,36,0.1809,104,36,2.8889,155,0.7789,1.8339,train,2
MAZE_01488,11487,21,21,441,199,242,0.5488,12,0.0603,11,0.0553,127,0.6382,48,0.2412,136,36,3.7778,193,0.9698,2.3738,train,2
MAZE_01489,11488,21,21,441,199,242,0.5488,11,0.0553,10,0.0503,131,0.6583,46,0.2312,116,36,3.2222,179,0.8995,2.0608,train,2
MAZE_01490,11489,21,21,441,199,242,0.5488,11,0.0553,10,0.0503,131,0.6583,46,0.2312,120,36,3.3333,175,0.8794,2.1063,test,2
MAZE_01491,11490,21,21,441,199,242,0.5488,10,0.0503,9,0.0452,128,0.6432,50,0.2513,108,36,3,142,0.7136,1.8568,test,2
MAZE_01492,11491,21,21,441,199,242,0.5488,12,0.0603,11,0.0553,127,0.6382,48,0.2412,120,36,3.3333,197,0.9899,2.1616,train,2
MAZE_01493,11492,21,21,441,199,242,0.5488,9,0.0452,8,0.0402,134,0.6734,47,0.2362,116,36,3.2222,173,0.8693,2.0457,train,2
MAZE_01494,11493,21,21,441,199,242,0.5488,11,0.0553,10,0.0503,132,0.6633,45,0.2261,124,36,3.4444,167,0.8392,2.1418,test,2
MAZE_01495,11494,21,21,441,199,242,0.5488,12,0.0603,11,0.0553,135,0.6784,40,0.201,92,36,2.5556,141,0.7085,1.6321,train,1
MAZE_01496,11495,21,21,441,199,242,0.5488,9,0.0452,8,0.0402,133,0.6683,48,0.2412,48,36,1.3333,71,0.3568,0.845,train,0
MAZE_01497,11496,21,21,441,199,242,0.5488,12,0.0603,11,0.0553,130,0.6533,44,0.2211,100,36,2.7778,137,0.6884,1.7331,test,1
MAZE_01498,11497,21,21,441,199,242,0.5488,10,0.0503,9,0.0452,138,0.6935,41,0.206,104,36,2.8889,137,0.6884,1.7887,train,2
MAZE_01499,11498,21,21,441,199,242,0.5488,12,0.0603,11,0.0553,130,0.6533,45,0.2261,80,36,2.2222,161,0.809,1.5156,train,1
MAZE_01500,11499,21,21,441,199,242,0.5488,13,0.0653,12,0.0603,131,0.6583,42,0.2111,48,36,1.3333,61,0.3065,0.8199,train,0
MAZE_01501,11500,21,21,441,199,242,0.5488,10,0.0503,9,0.0452,134,0.6734,45,0.2261,100,36,2.7778,183,0.9196,1.8487,train,2
MAZE_01502,11501,21,21,441,199,242,0.5488,11,0.0553,10,0.0503,136,0.6834,41,0.206,52,36,1.4444,91,0.4573,0.9508,train,0
MAZE_01503,11502,21,21,441,199,242,0.5488,11,0.0553,10,0.0503,132,0.6633,45,0.2261,60,36,1.6667,75,0.3769,1.0218,train,0
MAZE_01504,11503,21,21,441,199,242,0.5488,12,0.0603,11,0.0553,136,0.6834,39,0.196,100,36,2.7778,145,0.7286,1.7532,test,2
MAZE_01505,11504,21,21,441,199,242,0.5488,13,0.0653,11,0.0553,135,0.6784,39,0.196,72,36,2,97,0.4874,1.2437,test,1
MAZE_01506,11505,21,21,441,199,242,0.5488,13,0.0653,12,0.0603,136,0.6834,37,0.1859,104,36,2.8889,169,0.8492,1.8691,train,2
MAZE_01507,11506,21,21,441,199,242,0.5488,12,0.0603,10,0.0503,133,0.6683,43,0.2161,108,36,3,143,0.7186,1.8593,train,2
MAZE_01508,11507,21,21,441,199,242,0.5488,11,0.0553,10,0.0503,124,0.6231,53,0.2663,76,36,2.1111,97,0.4874,1.2993,train,1
MAZE_01509,11508,21,21,441,199,242,0.5488,11,0.0553,11,0.0553,134,0.6734,41,0.206,68,36,1.8889,123,0.6181,1.2535,train,1
MAZE_01510,11509,21,21,441,199,242,0.5488,13,0.0653,12,0.0603,122,0.6131,51,0.2563,76,36,2.1111,95,0.4774,1.2942,test,1
MAZE_01511,11510,21,21,441,199,242,0.5488,10,0.0503,9,0.0452,136,0.6834,43,0.2161,120,36,3.3333,177,0.8894,2.1113,train,2
MAZE_01512,11511,21,21,441,199,242,0.5488,12,0.0603,11,0.0553,128,0.6432,47,0.2362,56,36,1.5556,83,0.4171,0.9864,train,0
MAZE_01513,11512,21,21,441,199,242,0.5488,11,0.0553,10,0.0503,131,0.6583,46,0.2312,68,36,1.8889,77,0.3869,1.1379,train,0
MAZE_01514,11513,21,21,441,199,242,0.5488,10,0.0503,9,0.0452,140,0.7035,39,0.196,72,36,2,93,0.4673,1.2336,train,1
MAZE_01515,11514,21,21,441,199,242,0.5488,9,0.0452,8,0.0402,132,0.6633,49,0.2462,88,36,2.4444,137,0.6884,1.5664,train,1
MAZE_01516,11515,21,21,441,199,242,0.5488,10,0.0503,10,0.0503,123,0.6181,54,0.2714,64,36,1.7778,79,0.397,1.0874,train,0
MAZE_01517,11516,21,21,441,199,242,0.5488,12,0.0603,11,0.0553,131,0.6583,44,0.2211,76,36,2.1111,111,0.5578,1.3344,train,1
MAZE_01518,11517,21,21,441,199,242,0.5488,13,0.0653,13,0.0653,132,0.6633,39,0.196,68,36,1.8889,117,0.5879,1.2384,train,1
MAZE_01519,11518,21,21,441,199,242,0.5488,11,0.0553,11,0.0553,131,0.6583,44,0.2211,128,36,3.5556,193,0.9698,2.2627,train,2
MAZE_01520,11519,21,21,441,199,242,0.5488,8,0.0402,8,0.0402,135,0.6784,46,0.2312,140,36,3.8889,199,1,2.4444,test,2
MAZE_01521,11520,21,21,441,199,242,0.5488,9,0.0452,8,0.0402,133,0.6683,48,0.2412,132,36,3.6667,191,0.9598,2.3133,train,2
MAZE_01522,11521,21,21,441,199,242,0.5488,9,0.0452,8,0.0402,135,0.6784,46,0.2312,84,36,2.3333,121,0.608,1.4707,train,1
MAZE_01523,11522,21,21,441,199,242,0.5488,13,0.0653,12,0.0603,124,0.6231,48,0.2412,64,36,1.7778,99,0.4975,1.1377,train,0
MAZE_01524,11523,21,21,441,199,242,0.5488,12,0.0603,12,0.0603,135,0.6784,38,0.191,128,36,3.5556,199,1,2.2778,train,2
MAZE_01525,11524,21,21,441,199,242,0.5488,10,0.0503,9,0.0452,139,0.6985,40,0.201,132,36,3.6667,187,0.9397,2.3032,train,2
MAZE_01526,11525,21,21,441,199,242,0.5488,10,0.0503,10,0.0503,134,0.6734,43,0.2161,76,36,2.1111,113,0.5678,1.3395,test,1
MAZE_01527,11526,21,21,441,199,242,0.5488,14,0.0704,14,0.0704,124,0.6231,45,0.2261,108,36,3,147,0.7387,1.8694,train,2
MAZE_01528,11527,21,21,441,199,242,0.5488,8,0.0402,8,0.0402,126,0.6332,55,0.2764,108,36,3,153,0.7688,1.8844,train,2
MAZE_01529,11528,21,21,441,199,242,0.5488,10,0.0503,10,0.0503,130,0.6533,47,0.2362,64,36,1.7778,75,0.3769,1.0774,train,0
MAZE_01530,11529,21,21,441,199,242,0.5488,6,0.0302,5,0.0251,136,0.6834,51,0.2563,68,36,1.8889,99,0.4975,1.1932,train,0
MAZE_01531,11530,21,21,441,199,242,0.5488,9,0.0452,8,0.0402,143,0.7186,38,0.191,100,36,2.7778,119,0.598,1.6879,test,1
MAZE_01532,11531,21,21,441,199,242,0.5488,9,0.0452,8,0.0402,129,0.6482,52,0.2613,92,36,2.5556,139,0.6985,1.6271,train,1
MAZE_01533,11532,21,21,441,199,242,0.5488,11,0.0553,11,0.0553,128,0.6432,47,0.2362,68,36,1.8889,91,0.4573,1.1731,test,0
MAZE_01534,11533,21,21,441,199,242,0.5488,9,0.0452,8,0.0402,135,0.6784,46,0.2312,76,36,2.1111,91,0.4573,1.2842,train,1
MAZE_01535,11534,21,21,441,199,242,0.5488,13,0.0653,12,0.0603,131,0.6583,42,0.2111,132,36,3.6667,187,0.9397,2.3032,train,2
MAZE_01536,11535,21,21,441,199,242,0.5488,9,0.0452,8,0.0402,135,0.6784,46,0.2312,112,36,3.1111,175,0.8794,1.9952,train,2
MAZE_01537,11536,21,21,441,199,242,0.5488,13,0.0653,12,0.0603,120,0.603,53,0.2663,36,36,1,39,0.196,0.598,train,0
MAZE_01538,11537,21,21,441,199,242,0.5488,10,0.0503,9,0.0452,129,0.6482,50,0.2513,100,36,2.7778,129,0.6482,1.713,train,1
MAZE_01539,11538,21,21,441,199,242,0.5488,11,0.0553,10,0.0503,129,0.6482,48,0.2412,48,36,1.3333,69,0.3467,0.84,train,0
MAZE_01540,11539,21,21,441,199,242,0.5488,10,0.0503,9,0.0452,132,0.6633,47,0.2362,72,36,2,95,0.4774,1.2387,train,1
MAZE_01541,11540,21,21,441,199,242,0.5488,10,0.0503,8,0.0402,133,0.6683,47,0.2362,88,36,2.4444,99,0.4975,1.4709,train,1
MAZE_01542,11541,21,21,441,199,242,0.5488,12,0.0603,11,0.0553,128,0.6432,47,0.2362,80,36,2.2222,105,0.5276,1.3749,train,1
MAZE_01543,11542,21,21,441,199,242,0.5488,10,0.0503,10,0.0503,130,0.6533,47,0.2362,128,36,3.5556,198,0.995,2.2753,train,2
MAZE_01544,11543,21,21,441,199,242,0.5488,10,0.0503,8,0.0402,132,0.6633,48,0.2412,84,36,2.3333,91,0.4573,1.3953,train,1
MAZE_01545,11544,21,21,441,199,242,0.5488,12,0.0603,11,0.0553,128,0.6432,47,0.2362,64,36,1.7778,85,0.4271,1.1024,train,0
MAZE_01546,11545,21,21,441,199,242,0.5488,6,0.0302,5,0.0251,138,0.6935,49,0.2462,76,36,2.1111,95,0.4774,1.2942,test,1
MAZE_01547,11546,21,21,441,199,242,0.5488,11,0.0553,11,0.0553,131,0.6583,44,0.2211,140,36,3.8889,191,0.9598,2.4244,train,2
MAZE_01548,11547,21,21,441,199,242,0.5488,11,0.0553,10,0.0503,140,0.7035,37,0.1859,68,36,1.8889,77,0.3869,1.1379,train,0
MAZE_01549,11548,21,21,441,199,242,0.5488,9,0.0452,9,0.0452,132,0.6633,47,0.2362,68,36,1.8889,81,0.407,1.148,train,0
MAZE_01550,11549,21,21,441,199,242,0.5488,10,0.0503,10,0.0503,134,0.6734,43,0.2161,104,36,2.8889,157,0.7889,1.8389,train,2
MAZE_01551,11550,21,21,441,199,242,0.5488,13,0.0653,13,0.0653,125,0.6281,46,0.2312,96,36,2.6667,139,0.6985,1.6826,train,1
MAZE_01552,11551,21,21,441,199,242,0.5488,11,0.0553,11,0.0553,129,0.6482,46,0.2312,60,36,1.6667,79,0.397,1.0318,train,0
MAZE_01553,11552,21,21,441,199,242,0.5488,9,0.0452,8,0.0402,135,0.6784,46,0.2312,112,36,3.1111,147,0.7387,1.9249,train,2
MAZE_01554,11553,21,21,441,199,242,0.5488,10,0.0503,9,0.0452,141,0.7085,38,0.191,104,36,2.8889,125,0.6281,1.7585,train,2
MAZE_01555,11554,21,21,441,199,242,0.5488,8,0.0402,7,0.0352,135,0.6784,48,0.2412,148,36,4.1111,197,0.9899,2.5505,train,2
MAZE_01556,11555,21,21,441,199,242,0.5488,13,0.0653,12,0.0603,132,0.6633,41,0.206,56,36,1.5556,85,0.4271,0.9914,test,0
MAZE_01557,11556,21,21,441,199,242,0.5488,13,0.0653,12,0.0603,131,0.6583,42,0.2111,48,36,1.3333,61,0.3065,0.8199,train,0
MAZE_01558,11557,21,21,441,199,242,0.5488,13,0.0653,11,0.0553,128,0.6432,46,0.2312,104,36,2.8889,153,0.7688,1.8289,train,2
MAZE_01559,11558,21,21,441,199,242,0.5488,10,0.0503,9,0.0452,132,0.6633,47,0.2362,88,36,2.4444,145,0.7286,1.5865,train,1
MAZE_01560,11559,21,21,441,199,242,0.5488,10,0.0503,9,0.0452,132,0.6633,47,0.2362,124,36,3.4444,183,0.9196,2.182,train,2
MAZE_01561,11560,21,21,441,199,242,0.5488,7,0.0352,6,0.0302,147,0.7387,38,0.191,132,36,3.6667,161,0.809,2.2378,train,2
MAZE_01562,11561,21,21,441,199,242,0.5488,12,0.0603,12,0.0603,126,0.6332,47,0.2362,96,36,2.6667,147,0.7387,1.7027,test,1
MAZE_01563,11562,21,21,441,199,242,0.5488,11,0.0553,10,0.0503,123,0.6181,54,0.2714,64,36,1.7778,81,0.407,1.0924,train,0
MAZE_01564,11563,21,21,441,199,242,0.5488,8,0.0402,8,0.0402,131,0.6583,50,0.2513,72,36,2,91,0.4573,1.2287,train,0
MAZE_01565,11564,21,21,441,199,242,0.5488,12,0.0603,10,0.0503,125,0.6281,51,0.2563,100,36,2.7778,165,0.8291,1.8034,test,2
MAZE_01566,11565,21,21,441,199,242,0.5488,12,0.0603,12,0.0603,138,0.6935,35,0.1759,80,36,2.2222,115,0.5779,1.4001,train,1
MAZE_01567,11566,21,21,441,199,242,0.5488,12,0.0603,12,0.0603,124,0.6231,49,0.2462,100,36,2.7778,159,0.799,1.7884,train,2
MAZE_01568,11567,21,21,441,199,242,0.5488,15,0.0754,15,0.0754,129,0.6482,38,0.191,148,36,4.1111,199,1,2.5556,train,2
MAZE_01569,11568,21,21,441,199,242,0.5488,13,0.0653,13,0.0653,129,0.6482,42,0.2111,68,36,1.8889,99,0.4975,1.1932,train,0
MAZE_01570,11569,21,21,441,199,242,0.5488,11,0.0553,10,0.0503,128,0.6432,49,0.2462,72,36,2,117,0.5879,1.2939,train,1
MAZE_01571,11570,21,21,441,199,242,0.5488,8,0.0402,8,0.0402,126,0.6332,55,0.2764,76,36,2.1111,101,0.5075,1.3093,train,1
MAZE_01572,11571,21,21,441,199,242,0.5488,10,0.0503,9,0.0452,132,0.6633,47,0.2362,68,36,1.8889,103,0.5176,1.2032,train,0
MAZE_01573,11572,21,21,441,199,242,0.5488,10,0.0503,9,0.0452,141,0.7085,38,0.191,112,36,3.1111,151,0.7588,1.9349,train,2
MAZE_01574,11573,21,21,441,199,242,0.5488,12,0.0603,11,0.0553,130,0.6533,45,0.2261,52,36,1.4444,73,0.3668,0.9056,train,0
MAZE_01575,11574,21,21,441,199,242,0.5488,10,0.0503,9,0.0452,131,0.6583,48,0.2412,44,36,1.2222,47,0.2362,0.7292,test,0
MAZE_01576,11575,21,21,441,199,242,0.5488,10,0.0503,9,0.0452,135,0.6784,44,0.2211,88,36,2.4444,123,0.6181,1.5313,train,1
MAZE_01577,11576,21,21,441,199,242,0.5488,13,0.0653,11,0.0553,128,0.6432,46,0.2312,60,36,1.6667,89,0.4472,1.057,train,0
MAZE_01578,11577,21,21,441,199,242,0.5488,13,0.0653,12,0.0603,128,0.6432,45,0.2261,44,36,1.2222,51,0.2563,0.7392,train,0
MAZE_01579,11578,21,21,441,199,242,0.5488,8,0.0402,7,0.0352,140,0.7035,43,0.2161,112,36,3.1111,143,0.7186,1.9148,train,2
MAZE_01580,11579,21,21,441,199,242,0.5488,11,0.0553,10,0.0503,130,0.6533,47,0.2362,108,36,3,153,0.7688,1.8844,train,2
MAZE_01581,11580,21,21,441,199,242,0.5488,9,0.0452,8,0.0402,128,0.6432,53,0.2663,116,36,3.2222,161,0.809,2.0156,train,2
MAZE_01582,11581,21,21,441,199,242,0.5488,10,0.0503,9,0.0452,135,0.6784,44,0.2211,108,36,3,177,0.8894,1.9447,test,2
MAZE_01583,11582,21,21,441,199,242,0.5488,10,0.0503,9,0.0452,127,0.6382,52,0.2613,88,36,2.4444,111,0.5578,1.5011,train,1
MAZE_01584,11583,21,21,441,199,242,0.5488,9,0.0452,8,0.0402,130,0.6533,51,0.2563,116,36,3.2222,165,0.8291,2.0256,test,2
MAZE_01585,11584,21,21,441,199,242,0.5488,11,0.0553,9,0.0452,126,0.6332,52,0.2613,84,36,2.3333,121,0.608,1.4707,train,1
MAZE_01586,11585,21,21,441,199,242,0.5488,11,0.0553,11,0.0553,125,0.6281,50,0.2513,124,36,3.4444,165,0.8291,2.1368,train,2
MAZE_01587,11586,21,21,441,199,242,0.5488,9,0.0452,8,0.0402,133,0.6683,48,0.2412,128,36,3.5556,187,0.9397,2.2477,train,2
MAZE_01588,11587,21,21,441,199,242,0.5488,12,0.0603,11,0.0553,126,0.6332,49,0.2462,88,36,2.4444,103,0.5176,1.481,train,1
MAZE_01589,11588,21,21,441,199,242,0.5488,9,0.0452,9,0.0452,132,0.6633,47,0.2362,104,36,2.8889,129,0.6482,1.7686,train,2
MAZE_01590,11589,21,21,441,199,242,0.5488,9,0.0452,8,0.0402,137,0.6884,44,0.2211,80,36,2.2222,105,0.5276,1.3749,train,1
MAZE_01591,11590,21,21,441,199,242,0.5488,11,0.0553,10,0.0503,137,0.6884,40,0.201,104,36,2.8889,191,0.9598,1.9244,train,2
MAZE_01592,11591,21,21,441,199,242,0.5488,11,0.0553,10,0.0503,124,0.6231,53,0.2663,136,36,3.7778,179,0.8995,2.3386,test,2
MAZE_01593,11592,21,21,441,199,242,0.5488,9,0.0452,8,0.0402,132,0.6633,49,0.2462,100,36,2.7778,125,0.6281,1.7029,train,1
MAZE_01594,11593,21,21,441,199,242,0.5488,8,0.0402,7,0.0352,129,0.6482,54,0.2714,76,36,2.1111,85,0.4271,1.2691,train,1
MAZE_01595,11594,21,21,441,199,242,0.5488,10,0.0503,9,0.0452,135,0.6784,44,0.2211,104,36,2.8889,161,0.809,1.849,train,2
MAZE_01596,11595,21,21,441,199,242,0.5488,11,0.0553,10,0.0503,129,0.6482,48,0.2412,96,36,2.6667,121,0.608,1.6374,test,1
MAZE_01597,11596,21,21,441,199,242,0.5488,10,0.0503,10,0.0503,130,0.6533,47,0.2362,100,36,2.7778,199,1,1.8889,train,2
MAZE_01598,11597,21,21,441,199,242,0.5488,10,0.0503,9,0.0452,128,0.6432,51,0.2563,56,36,1.5556,61,0.3065,0.9311,train,0
MAZE_01599,11598,21,21,441,199,242,0.5488,11,0.0553,9,0.0452,127,0.6382,51,0.2563,68,36,1.8889,117,0.5879,1.2384,train,1
MAZE_01600,11599,21,21,441,199,242,0.5488,10,0.0503,9,0.0452,133,0.6683,46,0.2312,56,36,1.5556,61,0.3065,0.9311,train,0
MAZE_01601,11600,25,25,625,287,338,0.5408,16,0.0557,15,0.0523,195,0.6794,60,0.2091,100,44,2.2727,117,0.4077,1.3402,test,1
MAZE_01602,11601,25,25,625,287,338,0.5408,13,0.0453,11,0.0383,191,0.6655,71,0.2474,92,44,2.0909,95,0.331,1.2109,train,0
MAZE_01603,11602,25,25,625,287,338,0.5408,16,0.0557,15,0.0523,189,0.6585,66,0.23,116,44,2.6364,171,0.5958,1.6161,train,1
MAZE_01604,11603,25,25,625,287,338,0.5408,17,0.0592,16,0.0557,187,0.6516,66,0.23,88,44,2,147,0.5122,1.2561,train,1
MAZE_01605,11604,25,25,625,287,338,0.5408,16,0.0557,15,0.0523,204,0.7108,51,0.1777,104,44,2.3636,161,0.561,1.4623,train,1
MAZE_01606,11605,25,25,625,287,338,0.5408,18,0.0627,17,0.0592,180,0.6272,71,0.2474,80,44,1.8182,109,0.3798,1.099,train,0
MAZE_01607,11606,25,25,625,287,338,0.5408,17,0.0592,16,0.0557,185,0.6446,68,0.2369,84,44,1.9091,105,0.3659,1.1375,train,0
MAZE_01608,11607,25,25,625,287,338,0.5408,17,0.0592,15,0.0523,185,0.6446,69,0.2404,120,44,2.7273,187,0.6516,1.6894,train,1
MAZE_01609,11608,25,25,625,287,338,0.5408,13,0.0453,12,0.0418,196,0.6829,65,0.2265,124,44,2.8182,163,0.5679,1.693,train,1
MAZE_01610,11609,25,25,625,287,338,0.5408,16,0.0557,15,0.0523,183,0.6376,72,0.2509,184,44,4.1818,265,0.9233,2.5526,train,2
MAZE_01611,11610,25,25,625,287,338,0.5408,11,0.0383,10,0.0348,197,0.6864,68,0.2369,124,44,2.8182,167,0.5819,1.7001,test,1
MAZE_01612,11611,25,25,625,287,338,0.5408,20,0.0697,19,0.0662,182,0.6341,65,0.2265,104,44,2.3636,123,0.4286,1.3961,train,1
MAZE_01613,11612,25,25,625,287,338,0.5408,10,0.0348,10,0.0348,197,0.6864,68,0.2369,212,44,4.8182,287,1,2.9091,train,2
MAZE_01614,11613,25,25,625,287,338,0.5408,10,0.0348,8,0.0279,201,0.7003,67,0.2334,84,44,1.9091,89,0.3101,1.1096,test,0
MAZE_01615,11614,25,25,625,287,338,0.5408,13,0.0453,12,0.0418,200,0.6969,61,0.2125,148,44,3.3636,225,0.784,2.0738,train,2
MAZE_01616,11615,25,25,625,287,338,0.5408,13,0.0453,13,0.0453,188,0.6551,71,0.2474,208,44,4.7273,287,1,2.8636,test,2
MAZE_01617,11616,25,25,625,287,338,0.5408,16,0.0557,16,0.0557,183,0.6376,70,0.2439,196,44,4.4545,269,0.9373,2.6959,train,2
MAZE_01618,11617,25,25,625,287,338,0.5408,17,0.0592,16,0.0557,186,0.6481,67,0.2334,92,44,2.0909,113,0.3937,1.2423,train,1
MAZE_01619,11618,25,25,625,287,338,0.5408,17,0.0592,16,0.0557,188,0.6551,64,0.223,168,44,3.8182,251,0.8746,2.3464,test,2
MAZE_01620,11619,25,25,625,287,338,0.5408,15,0.0523,14,0.0488,195,0.6794,62,0.216,136,44,3.0909,175,0.6098,1.8503,train,2
MAZE_01621,11620,25,25,625,287,338,0.5408,13,0.0453,12,0.0418,199,0.6934,61,0.2125,136,44,3.0909,221,0.77,1.9304,train,2
MAZE_01622,11621,25,25,625,287,338,0.5408,20,0.0697,19,0.0662,185,0.6446,62,0.216,168,44,3.8182,259,0.9024,2.3603,train,2
MAZE_01623,11622,25,25,625,287,338,0.5408,14,0.0488,13,0.0453,196,0.6829,63,0.2195,156,44,3.5455,233,0.8118,2.1787,train,2
MAZE_01624,11623,25,25,625,287,338,0.5408,14,0.0488,14,0.0488,197,0.6864,60,0.2091,108,44,2.4545,141,0.4913,1.4729,train,1
MAZE_01625,11624,25,25,625,287,338,0.5408,14,0.0488,14,0.0488,187,0.6516,70,0.2439,172,44,3.9091,275,0.9582,2.4337,train,2
MAZE_01626,11625,25,25,625,287,338,0.5408,15,0.0523,14,0.0488,190,0.662,67,0.2334,68,44,1.5455,77,0.2683,0.9069,test,0
MAZE_01627,11626,25,25,625,287,338,0.5408,15,0.0523,14,0.0488,194,0.676,63,0.2195,120,44,2.7273,141,0.4913,1.6093,train,1
MAZE_01628,11627,25,25,625,287,338,0.5408,14,0.0488,13,0.0453,193,0.6725,66,0.23,68,44,1.5455,73,0.2544,0.9,train,0
MAZE_01629,11628,25,25,625,287,338,0.5408,18,0.0627,17,0.0592,195,0.6794,56,0.1951,60,44,1.3636,83,0.2892,0.8264,test,0
MAZE_01630,11629,25,25,625,287,338,0.5408,11,0.0383,10,0.0348,191,0.6655,74,0.2578,112,44,2.5455,127,0.4425,1.494,train,1
MAZE_01631,11630,25,25,625,287,338,0.5408,13,0.0453,13,0.0453,188,0.6551,71,0.2474,108,44,2.4545,191,0.6655,1.56,train,1
MAZE_01632,11631,25,25,625,287,338,0.5408,18,0.0627,17,0.0592,185,0.6446,66,0.23,104,44,2.3636,133,0.4634,1.4135,train,1
MAZE_01633,11632,25,25,625,287,338,0.5408,13,0.0453,12,0.0418,183,0.6376,78,0.2718,208,44,4.7273,269,0.9373,2.8323,train,2
MAZE_01634,11633,25,25,625,287,338,0.5408,9,0.0314,8,0.0279,190,0.662,79,0.2753,88,44,2,99,0.3449,1.1724,train,0
MAZE_01635,11634,25,25,625,287,338,0.5408,15,0.0523,15,0.0523,186,0.6481,69,0.2404,64,44,1.4545,77,0.2683,0.8614,train,0
MAZE_01636,11635,25,25,625,287,338,0.5408,18,0.0627,17,0.0592,182,0.6341,68,0.2369,60,44,1.3636,91,0.3171,0.8403,train,0
MAZE_01637,11636,25,25,625,287,338,0.5408,13,0.0453,12,0.0418,202,0.7038,59,0.2056,52,44,1.1818,55,0.1916,0.6867,train,0
MAZE_01638,11637,25,25,625,287,338,0.5408,16,0.0557,15,0.0523,186,0.6481,69,0.2404,204,44,4.6364,283,0.9861,2.8113,train,2
MAZE_01639,11638,25,25,625,287,338,0.5408,16,0.0557,14,0.0488,181,0.6307,75,0.2613,180,44,4.0909,249,0.8676,2.4793,train,2
MAZE_01640,11639,25,25,625,287,338,0.5408,19,0.0662,18,0.0627,193,0.6725,56,0.1951,120,44,2.7273,271,0.9443,1.8358,test,2
MAZE_01641,11640,25,25,625,287,338,0.5408,11,0.0383,10,0.0348,184,0.6411,81,0.2822,60,44,1.3636,81,0.2822,0.8229,train,0
MAZE_01642,11641,25,25,625,287,338,0.5408,19,0.0662,18,0.0627,185,0.6446,64,0.223,144,44,3.2727,243,0.8467,2.0597,train,2
MAZE_01643,11642,25,25,625,287,338,0.5408,16,0.0557,14,0.0488,192,0.669,64,0.223,156,44,3.5455,209,0.7282,2.1368,train,2
MAZE_01644,11643,25,25,625,287,338,0.5408,15,0.0523,15,0.0523,186,0.6481,69,0.2404,80,44,1.8182,129,0.4495,1.1339,train,0
MAZE_01645,11644,25,25,625,287,338,0.5408,16,0.0557,15,0.0523,186,0.6481,68,0.2369,140,44,3.1818,283,0.9861,2.0839,test,2
MAZE_01646,11645,25,25,625,287,338,0.5408,16,0.0557,15,0.0523,184,0.6411,71,0.2474,156,44,3.5455,219,0.7631,2.1543,train,2
MAZE_01647,11646,25,25,625,287,338,0.5408,18,0.0627,15,0.0523,182,0.6341,71,0.2474,156,44,3.5455,229,0.7979,2.1717,train,2
MAZE_01648,11647,25,25,625,287,338,0.5408,13,0.0453,12,0.0418,199,0.6934,61,0.2125,140,44,3.1818,178,0.6202,1.901,test,2
MAZE_01649,11648,25,25,625,287,338,0.5408,15,0.0523,14,0.0488,194,0.676,63,0.2195,160,44,3.6364,251,0.8746,2.2555,train,2
MAZE_01650,11649,25,25,625,287,338,0.5408,14,0.0488,14,0.0488,196,0.6829,61,0.2125,100,44,2.2727,111,0.3868,1.3297,train,1
MAZE_01651,11650,25,25,625,287,338,0.5408,19,0.0662,18,0.0627,179,0.6237,70,0.2439,84,44,1.9091,133,0.4634,1.1863,train,0
MAZE_01652,11651,25,25,625,287,338,0.5408,16,0.0557,15,0.0523,182,0.6341,73,0.2544,92,44,2.0909,183,0.6376,1.3642,train,1
MAZE_01653,11652,25,25,625,287,338,0.5408,16,0.0557,15,0.0523,187,0.6516,68,0.2369,92,44,2.0909,107,0.3728,1.2319,train,1
MAZE_01654,11653,25,25,625,287,338,0.5408,18,0.0627,17,0.0592,186,0.6481,65,0.2265,184,44,4.1818,275,0.9582,2.57,train,2
MAZE_01655,11654,25,25,625,287,338,0.5408,15,0.0523,13,0.0453,183,0.6376,75,0.2613,96,44,2.1818,131,0.4564,1.3191,train,1
MAZE_01656,11655,25,25,625,287,338,0.5408,16,0.0557,15,0.0523,197,0.6864,58,0.2021,120,44,2.7273,155,0.5401,1.6337,train,1
MAZE_01657,11656,25,25,625,287,338,0.5408,18,0.0627,18,0.0627,185,0.6446,64,0.223,136,44,3.0909,183,0.6376,1.8642,test,2
MAZE_01658,11657,25,25,625,287,338,0.5408,15,0.0523,14,0.0488,187,0.6516,70,0.2439,140,44,3.1818,179,0.6237,1.9027,test,2
MAZE_01659,11658,25,25,625,287,338,0.5408,11,0.0383,10,0.0348,196,0.6829,69,0.2404,84,44,1.9091,97,0.338,1.1236,train,0
MAZE_01660,11659,25,25,625,287,338,0.5408,15,0.0523,14,0.0488,190,0.662,67,0.2334,132,44,3,191,0.6655,1.8327,test,2
MAZE_01661,11660,25,25,625,287,338,0.5408,16,0.0557,14,0.0488,194,0.676,62,0.216,96,44,2.1818,169,0.5889,1.3853,train,1
MAZE_01662,11661,25,25,625,287,338,0.5408,15,0.0523,14,0.0488,184,0.6411,73,0.2544,76,44,1.7273,95,0.331,1.0292,train,0
MAZE_01663,11662,25,25,625,287,338,0.5408,14,0.0488,14,0.0488,182,0.6341,75,0.2613,184,44,4.1818,241,0.8397,2.5107,train,2
MAZE_01664,11663,25,25,625,287,338,0.5408,13,0.0453,12,0.0418,192,0.669,69,0.2404,116,44,2.6364,143,0.4983,1.5674,test,1
MAZE_01665,11664,25,25,625,287,338,0.5408,18,0.0627,17,0.0592,180,0.6272,71,0.2474,100,44,2.2727,119,0.4146,1.3437,train,1
MAZE_01666,11665,25,25,625,287,338,0.5408,17,0.0592,16,0.0557,195,0.6794,58,0.2021,132,44,3,277,0.9652,1.9826,train,2
MAZE_01667,11666,25,25,625,287,338,0.5408,13,0.0453,12,0.0418,193,0.6725,68,0.2369,72,44,1.6364,125,0.4355,1.036,train,0
MAZE_01668,11667,25,25,625,287,338,0.5408,15,0.0523,14,0.0488,185,0.6446,71,0.2474,180,44,4.0909,241,0.8397,2.4653,test,2
MAZE_01669,11668,25,25,625,287,338,0.5408,14,0.0488,14,0.0488,195,0.6794,62,0.216,152,44,3.4545,239,0.8328,2.1437,train,2
MAZE_01670,11669,25,25,625,287,338,0.5408,17,0.0592,15,0.0523,186,0.6481,68,0.2369,64,44,1.4545,95,0.331,0.8927,train,0
MAZE_01671,11670,25,25,625,287,338,0.5408,14,0.0488,12,0.0418,184,0.6411,76,0.2648,152,44,3.4545,205,0.7143,2.0844,train,2
MAZE_01672,11671,25,25,625,287,338,0.5408,12,0.0418,12,0.0418,190,0.662,71,0.2474,80,44,1.8182,123,0.4286,1.1234,train,0
MAZE_01673,11672,25,25,625,287,338,0.5408,10,0.0348,9,0.0314,195,0.6794,72,0.2509,96,44,2.1818,125,0.4355,1.3087,train,1
MAZE_01674,11673,25,25,625,287,338,0.5408,18,0.0627,18,0.0627,196,0.6829,53,0.1847,80,44,1.8182,137,0.4774,1.1478,test,0
MAZE_01675,11674,25,25,625,287,338,0.5408,17,0.0592,16,0.0557,183,0.6376,70,0.2439,172,44,3.9091,253,0.8815,2.3953,train,2
MAZE_01676,11675,25,25,625,287,338,0.5408,17,0.0592,16,0.0557,190,0.662,63,0.2195,208,44,4.7273,285,0.993,2.8601,test,2
MAZE_01677,11676,25,25,625,287,338,0.5408,16,0.0557,15,0.0523,187,0.6516,68,0.2369,52,44,1.1818,59,0.2056,0.6937,train,0
MAZE_01678,11677,25,25,625,287,338,0.5408,18,0.0627,17,0.0592,189,0.6585,62,0.216,64,44,1.4545,81,0.2822,0.8683,train,0
MAZE_01679,11678,25,25,625,287,338,0.5408,15,0.0523,14,0.0488,182,0.6341,75,0.2613,60,44,1.3636,69,0.2404,0.802,test,0
MAZE_01680,11679,25,25,625,287,338,0.5408,14,0.0488,13,0.0453,195,0.6794,64,0.223,96,44,2.1818,133,0.4634,1.3226,train,1
MAZE_01681,11680,25,25,625,287,338,0.5408,10,0.0348,9,0.0314,193,0.6725,74,0.2578,132,44,3,207,0.7213,1.8607,train,2
MAZE_01682,11681,25,25,625,287,338,0.5408,11,0.0383,10,0.0348,203,0.7073,62,0.216,172,44,3.9091,211,0.7352,2.3222,train,2
MAZE_01683,11682,25,25,625,287,338,0.5408,18,0.0627,17,0.0592,189,0.6585,62,0.216,176,44,4,253,0.8815,2.4407,train,2
MAZE_01684,11683,25,25,625,287,338,0.5408,19,0.0662,17,0.0592,194,0.676,56,0.1951,156,44,3.5455,263,0.9164,2.2309,train,2
MAZE_01685,11684,25,25,625,287,338,0.5408,17,0.0592,16,0.0557,190,0.662,63,0.2195,92,44,2.0909,135,0.4704,1.2807,train,1
MAZE_01686,11685,25,25,625,287,338,0.5408,13,0.0453,13,0.0453,191,0.6655,68,0.2369,176,44,4,287,1,2.5,train,2
MAZE_01687,11686,25,25,625,287,338,0.5408,15,0.0523,14,0.0488,198,0.6899,59,0.2056,128,44,2.9091,153,0.5331,1.7211,train,1
MAZE_01688,11687,25,25,625,287,338,0.5408,14,0.0488,14,0.0488,181,0.6307,76,0.2648,164,44,3.7273,287,1,2.3636,train,2
MAZE_01689,11688,25,25,625,287,338,0.5408,14,0.0488,14,0.0488,183,0.6376,74,0.2578,88,44,2,125,0.4355,1.2178,train,0
MAZE_01690,11689,25,25,625,287,338,0.5408,14,0.0488,13,0.0453,192,0.669,67,0.2334,124,44,2.8182,165,0.5749,1.6966,train,1
MAZE_01691,11690,25,25,625,287,338,0.5408,16,0.0557,15,0.0523,191,0.6655,64,0.223,100,44,2.2727,159,0.554,1.4133,train,1
MAZE_01692,11691,25,25,625,287,338,0.5408,17,0.0592,16,0.0557,195,0.6794,58,0.2021,132,44,3,173,0.6028,1.8014,train,2
MAZE_01693,11692,25,25,625,287,338,0.5408,15,0.0523,14,0.0488,188,0.6551,69,0.2404,76,44,1.7273,101,0.3519,1.0396,train,0
MAZE_01694,11693,25,25,625,287,338,0.5408,11,0.0383,10,0.0348,199,0.6934,66,0.23,100,44,2.2727,109,0.3798,1.3262,train,1
MAZE_01695,11694,25,25,625,287,338,0.5408,16,0.0557,13,0.0453,196,0.6829,61,0.2125,108,44,2.4545,149,0.5192,1.4869,train,1
MAZE_01696,11695,25,25,625,287,338,0.5408,13,0.0453,12,0.0418,191,0.6655,70,0.2439,76,44,1.7273,105,0.3659,1.0466,train,0
MAZE_01697,11696,25,25,625,287,338,0.5408,14,0.0488,14,0.0488,194,0.676,63,0.2195,184,44,4.1818,229,0.7979,2.4899,train,2
MAZE_01698,11697,25,25,625,287,338,0.5408,15,0.0523,15,0.0523,182,0.6341,73,0.2544,132,44,3,195,0.6794,1.8397,train,2
MAZE_01699,11698,25,25,625,287,338,0.5408,14,0.0488,14,0.0488,189,0.6585,68,0.2369,80,44,1.8182,105,0.3659,1.092,train,0
MAZE_01700,11699,25,25,625,287,338,0.5408,12,0.0418,11,0.0383,190,0.662,73,0.2544,152,44,3.4545,189,0.6585,2.0565,train,2
MAZE_01701,11700,25,25,625,287,338,0.5408,14,0.0488,14,0.0488,186,0.6481,71,0.2474,96,44,2.1818,127,0.4425,1.3121,train,1
MAZE_01702,11701,25,25,625,287,338,0.5408,16,0.0557,15,0.0523,189,0.6585,66,0.23,128,44,2.9091,197,0.6864,1.7977,test,2
MAZE_01703,11702,25,25,625,287,338,0.5408,13,0.0453,13,0.0453,198,0.6899,61,0.2125,168,44,3.8182,225,0.784,2.3011,train,2
MAZE_01704,11703,25,25,625,287,338,0.5408,14,0.0488,12,0.0418,190,0.662,70,0.2439,176,44,4,271,0.9443,2.4722,test,2
MAZE_01705,11704,25,25,625,287,338,0.5408,18,0.0627,17,0.0592,188,0.6551,63,0.2195,120,44,2.7273,177,0.6167,1.672,train,1
MAZE_01706,11705,25,25,625,287,338,0.5408,13,0.0453,12,0.0418,190,0.662,71,0.2474,168,44,3.8182,253,0.8815,2.3498,train,2
MAZE_01707,11706,25,25,625,287,338,0.5408,15,0.0523,13,0.0453,187,0.6516,71,0.2474,128,44,2.9091,179,0.6237,1.7664,train,2
MAZE_01708,11707,25,25,625,287,338,0.5408,15,0.0523,14,0.0488,187,0.6516,70,0.2439,108,44,2.4545,127,0.4425,1.4485,train,1
MAZE_01709,11708,25,25,625,287,338,0.5408,13,0.0453,12,0.0418,196,0.6829,65,0.2265,100,44,2.2727,145,0.5052,1.3889,train,1
MAZE_01710,11709,25,25,625,287,338,0.5408,13,0.0453,12,0.0418,184,0.6411,77,0.2683,140,44,3.1818,229,0.7979,1.9899,train,2
MAZE_01711,11710,25,25,625,287,338,0.5408,18,0.0627,17,0.0592,179,0.6237,72,0.2509,124,44,2.8182,173,0.6028,1.7105,train,1
MAZE_01712,11711,25,25,625,287,338,0.5408,18,0.0627,17,0.0592,189,0.6585,62,0.216,156,44,3.5455,213,0.7422,2.1439,train,2
MAZE_01713,11712,25,25,625,287,338,0.5408,14,0.0488,12,0.0418,197,0.6864,63,0.2195,76,44,1.7273,99,0.3449,1.0361,train,0
MAZE_01714,11713,25,25,625,287,338,0.5408,15,0.0523,14,0.0488,188,0.6551,69,0.2404,92,44,2.0909,109,0.3798,1.2353,train,1
MAZE_01715,11714,25,25,625,287,338,0.5408,18,0.0627,18,0.0627,185,0.6446,64,0.223,172,44,3.9091,261,0.9094,2.4093,train,2
MAZE_01716,11715,25,25,625,287,338,0.5408,13,0.0453,12,0.0418,190,0.662,71,0.2474,172,44,3.9091,211,0.7352,2.3222,train,2
MAZE_01717,11716,25,25,625,287,338,0.5408,14,0.0488,14,0.0488,189,0.6585,68,0.2369,200,44,4.5455,285,0.993,2.7692,train,2
MAZE_01718,11717,25,25,625,287,338,0.5408,17,0.0592,16,0.0557,186,0.6481,67,0.2334,152,44,3.4545,223,0.777,2.1157,train,2
MAZE_01719,11718,25,25,625,287,338,0.5408,17,0.0592,16,0.0557,188,0.6551,65,0.2265,140,44,3.1818,195,0.6794,1.9306,train,2
MAZE_01720,11719,25,25,625,287,338,0.5408,14,0.0488,14,0.0488,192,0.669,65,0.2265,80,44,1.8182,111,0.3868,1.1025,train,0
MAZE_01721,11720,25,25,625,287,338,0.5408,14,0.0488,13,0.0453,195,0.6794,64,0.223,164,44,3.7273,257,0.8955,2.3114,test,2
MAZE_01722,11721,25,25,625,287,338,0.5408,19,0.0662,16,0.0557,193,0.6725,58,0.2021,84,44,1.9091,111,0.3868,1.148,test,0
MAZE_01723,11722,25,25,625,287,338,0.5408,12,0.0418,12,0.0418,200,0.6969,61,0.2125,140,44,3.1818,239,0.8328,2.0073,train,2
MAZE_01724,11723,25,25,625,287,338,0.5408,18,0.0627,18,0.0627,181,0.6307,68,0.2369,164,44,3.7273,231,0.8049,2.2661,train,2
MAZE_01725,11724,25,25,625,287,338,0.5408,18,0.0627,17,0.0592,187,0.6516,64,0.223,152,44,3.4545,269,0.9373,2.1959,test,2
MAZE_01726,11725,25,25,625,287,338,0.5408,12,0.0418,11,0.0383,192,0.669,71,0.2474,80,44,1.8182,87,0.3031,1.0607,train,0
MAZE_01727,11726,25,25,625,287,338,0.5408,15,0.0523,14,0.0488,197,0.6864,60,0.2091,148,44,3.3636,211,0.7352,2.0494,train,2
MAZE_01728,11727,25,25,625,287,338,0.5408,17,0.0592,16,0.0557,190,0.662,63,0.2195,144,44,3.2727,205,0.7143,1.9935,train,2
MAZE_01729,11728,25,25,625,287,338,0.5408,14,0.0488,13,0.0453,195,0.6794,64,0.223,112,44,2.5455,129,0.4495,1.4975,train,1
MAZE_01730,11729,25,25,625,287,338,0.5408,17,0.0592,17,0.0592,188,0.6551,63,0.2195,124,44,2.8182,159,0.554,1.6861,train,1
MAZE_01731,11730,25,25,625,287,338,0.5408,17,0.0592,17,0.0592,186,0.6481,65,0.2265,120,44,2.7273,193,0.6725,1.6999,train,1
MAZE_01732,11731,25,25,625,287,338,0.5408,15,0.0523,13,0.0453,188,0.6551,70,0.2439,136,44,3.0909,246,0.8571,1.974,train,2
MAZE_01733,11732,25,25,625,287,338,0.5408,13,0.0453,12,0.0418,193,0.6725,68,0.2369,168,44,3.8182,229,0.7979,2.3081,train,2
MAZE_01734,11733,25,25,625,287,338,0.5408,15,0.0523,14,0.0488,189,0.6585,68,0.2369,152,44,3.4545,197,0.6864,2.0705,train,2
MAZE_01735,11734,25,25,625,287,338,0.5408,14,0.0488,13,0.0453,202,0.7038,57,0.1986,120,44,2.7273,157,0.547,1.6372,train,1
MAZE_01736,11735,25,25,625,287,338,0.5408,19,0.0662,18,0.0627,186,0.6481,63,0.2195,112,44,2.5455,175,0.6098,1.5776,train,1
MAZE_01737,11736,25,25,625,287,338,0.5408,16,0.0557,15,0.0523,187,0.6516,68,0.2369,96,44,2.1818,177,0.6167,1.3992,train,1
MAZE_01738,11737,25,25,625,287,338,0.5408,14,0.0488,13,0.0453,199,0.6934,60,0.2091,120,44,2.7273,157,0.547,1.6372,train,1
MAZE_01739,11738,25,25,625,287,338,0.5408,18,0.0627,18,0.0627,185,0.6446,64,0.223,168,44,3.8182,287,1,2.4091,train,2
MAZE_01740,11739,25,25,625,287,338,0.5408,15,0.0523,13,0.0453,191,0.6655,67,0.2334,104,44,2.3636,163,0.5679,1.4657,train,1
MAZE_01741,11740,25,25,625,287,338,0.5408,12,0.0418,11,0.0383,183,0.6376,80,0.2787,128,44,2.9091,157,0.547,1.7281,test,1
MAZE_01742,11741,25,25,625,287,338,0.5408,13,0.0453,12,0.0418,194,0.676,67,0.2334,100,44,2.2727,127,0.4425,1.3576,train,1
MAZE_01743,11742,25,25,625,287,338,0.5408,16,0.0557,15,0.0523,185,0.6446,70,0.2439,204,44,4.6364,269,0.9373,2.7869,train,2
MAZE_01744,11743,25,25,625,287,338,0.5408,15,0.0523,14,0.0488,182,0.6341,75,0.2613,156,44,3.5455,215,0.7491,2.1473,train,2
MAZE_01745,11744,25,25,625,287,338,0.5408,17,0.0592,15,0.0523,181,0.6307,73,0.2544,116,44,2.6364,213,0.7422,1.6893,train,1
MAZE_01746,11745,25,25,625,287,338,0.5408,14,0.0488,13,0.0453,185,0.6446,74,0.2578,120,44,2.7273,155,0.5401,1.6337,test,1
MAZE_01747,11746,25,25,625,287,338,0.5408,18,0.0627,17,0.0592,175,0.6098,76,0.2648,160,44,3.6364,253,0.8815,2.259,train,2
MAZE_01748,11747,25,25,625,287,338,0.5408,16,0.0557,14,0.0488,201,0.7003,55,0.1916,148,44,3.3636,217,0.7561,2.0598,train,2
MAZE_01749,11748,25,25,625,287,338,0.5408,14,0.0488,14,0.0488,183,0.6376,74,0.2578,144,44,3.2727,193,0.6725,1.9726,train,2
MAZE_01750,11749,25,25,625,287,338,0.5408,11,0.0383,11,0.0383,186,0.6481,77,0.2683,72,44,1.6364,97,0.338,0.9872,train,0
MAZE_01751,11750,25,25,625,287,338,0.5408,13,0.0453,12,0.0418,211,0.7352,50,0.1742,104,44,2.3636,189,0.6585,1.5111,train,1
MAZE_01752,11751,25,25,625,287,338,0.5408,14,0.0488,14,0.0488,182,0.6341,75,0.2613,220,44,5,285,0.993,2.9965,train,2
MAZE_01753,11752,25,25,625,287,338,0.5408,17,0.0592,17,0.0592,188,0.6551,63,0.2195,132,44,3,203,0.7073,1.8537,train,2
MAZE_01754,11753,25,25,625,287,338,0.5408,14,0.0488,13,0.0453,186,0.6481,73,0.2544,196,44,4.4545,267,0.9303,2.6924,train,2
MAZE_01755,11754,25,25,625,287,338,0.5408,16,0.0557,14,0.0488,185,0.6446,71,0.2474,76,44,1.7273,111,0.3868,1.0571,test,0
MAZE_01756,11755,25,25,625,287,338,0.5408,17,0.0592,15,0.0523,178,0.6202,76,0.2648,180,44,4.0909,257,0.8955,2.4932,train,2
MAZE_01757,11756,25,25,625,287,338,0.5408,13,0.0453,12,0.0418,188,0.6551,73,0.2544,168,44,3.8182,209,0.7282,2.2732,test,2
MAZE_01758,11757,25,25,625,287,338,0.5408,16,0.0557,15,0.0523,193,0.6725,62,0.216,120,44,2.7273,151,0.5261,1.6267,train,1
MAZE_01759,11758,25,25,625,287,338,0.5408,17,0.0592,16,0.0557,188,0.6551,65,0.2265,96,44,2.1818,123,0.4286,1.3052,train,1
MAZE_01760,11759,25,25,625,287,338,0.5408,16,0.0557,15,0.0523,183,0.6376,72,0.2509,92,44,2.0909,121,0.4216,1.2563,train,1
MAZE_01761,11760,25,25,625,287,338,0.5408,13,0.0453,12,0.0418,194,0.676,67,0.2334,88,44,2,123,0.4286,1.2143,train,0
MAZE_01762,11761,25,25,625,287,338,0.5408,16,0.0557,16,0.0557,185,0.6446,68,0.2369,104,44,2.3636,121,0.4216,1.3926,test,1
MAZE_01763,11762,25,25,625,287,338,0.5408,14,0.0488,13,0.0453,191,0.6655,68,0.2369,144,44,3.2727,229,0.7979,2.0353,train,2
MAZE_01764,11763,25,25,625,287,338,0.5408,18,0.0627,18,0.0627,186,0.6481,63,0.2195,188,44,4.2727,287,1,2.6364,train,2
MAZE_01765,11764,25,25,625,287,338,0.5408,17,0.0592,16,0.0557,191,0.6655,62,0.216,76,44,1.7273,87,0.3031,1.0152,train,0
MAZE_01766,11765,25,25,625,287,338,0.5408,16,0.0557,16,0.0557,184,0.6411,69,0.2404,104,44,2.3636,161,0.561,1.4623,train,1
MAZE_01767,11766,25,25,625,287,338,0.5408,15,0.0523,14,0.0488,182,0.6341,74,0.2578,60,44,1.3636,77,0.2683,0.8159,train,0
MAZE_01768,11767,25,25,625,287,338,0.5408,15,0.0523,14,0.0488,184,0.6411,73,0.2544,104,44,2.3636,117,0.4077,1.3857,train,1
MAZE_01769,11768,25,25,625,287,338,0.5408,14,0.0488,14,0.0488,195,0.6794,62,0.216,188,44,4.2727,229,0.7979,2.5353,train,2
MAZE_01770,11769,25,25,625,287,338,0.5408,17,0.0592,16,0.0557,187,0.6516,66,0.23,92,44,2.0909,149,0.5192,1.3051,train,1
MAZE_01771,11770,25,25,625,287,338,0.5408,10,0.0348,9,0.0314,197,0.6864,70,0.2439,76,44,1.7273,119,0.4146,1.071,train,0
MAZE_01772,11771,25,25,625,287,338,0.5408,13,0.0453,12,0.0418,185,0.6446,76,0.2648,160,44,3.6364,217,0.7561,2.1963,train,2
MAZE_01773,11772,25,25,625,287,338,0.5408,15,0.0523,15,0.0523,189,0.6585,66,0.23,172,44,3.9091,269,0.9373,2.4232,train,2
MAZE_01774,11773,25,25,625,287,338,0.5408,16,0.0557,15,0.0523,199,0.6934,56,0.1951,124,44,2.8182,195,0.6794,1.7488,train,2
MAZE_01775,11774,25,25,625,287,338,0.5408,11,0.0383,10,0.0348,192,0.669,73,0.2544,100,44,2.2727,135,0.4704,1.3716,train,1
MAZE_01776,11775,25,25,625,287,338,0.5408,14,0.0488,13,0.0453,188,0.6551,71,0.2474,132,44,3,241,0.8397,1.9199,train,2
MAZE_01777,11776,25,25,625,287,338,0.5408,15,0.0523,15,0.0523,182,0.6341,73,0.2544,124,44,2.8182,173,0.6028,1.7105,train,1
MAZE_01778,11777,25,25,625,287,338,0.5408,12,0.0418,11,0.0383,196,0.6829,67,0.2334,164,44,3.7273,259,0.9024,2.3148,train,2
MAZE_01779,11778,25,25,625,287,338,0.5408,15,0.0523,13,0.0453,178,0.6202,80,0.2787,144,44,3.2727,215,0.7491,2.0109,train,2
MAZE_01780,11779,25,25,625,287,338,0.5408,16,0.0557,14,0.0488,182,0.6341,74,0.2578,100,44,2.2727,175,0.6098,1.4412,train,1
MAZE_01781,11780,25,25,625,287,338,0.5408,17,0.0592,16,0.0557,198,0.6899,55,0.1916,172,44,3.9091,241,0.8397,2.3744,train,2
MAZE_01782,11781,25,25,625,287,338,0.5408,15,0.0523,14,0.0488,195,0.6794,62,0.216,136,44,3.0909,167,0.5819,1.8364,train,2
MAZE_01783,11782,25,25,625,287,338,0.5408,14,0.0488,14,0.0488,188,0.6551,69,0.2404,100,44,2.2727,141,0.4913,1.382,train,1
MAZE_01784,11783,25,25,625,287,338,0.5408,17,0.0592,16,0.0557,193,0.6725,60,0.2091,120,44,2.7273,149,0.5192,1.6233,test,1
MAZE_01785,11784,25,25,625,287,338,0.5408,12,0.0418,11,0.0383,197,0.6864,66,0.23,84,44,1.9091,163,0.5679,1.2385,test,1
MAZE_01786,11785,25,25,625,287,338,0.5408,18,0.0627,17,0.0592,187,0.6516,64,0.223,148,44,3.3636,191,0.6655,2.0145,test,2
MAZE_01787,11786,25,25,625,287,338,0.5408,14,0.0488,14,0.0488,191,0.6655,66,0.23,168,44,3.8182,239,0.8328,2.3255,train,2
MAZE_01788,11787,25,25,625,287,338,0.5408,19,0.0662,17,0.0592,182,0.6341,68,0.2369,72,44,1.6364,99,0.3449,0.9907,train,0
MAZE_01789,11788,25,25,625,287,338,0.5408,15,0.0523,14,0.0488,199,0.6934,58,0.2021,124,44,2.8182,205,0.7143,1.7663,test,2
MAZE_01790,11789,25,25,625,287,338,0.5408,14,0.0488,13,0.0453,182,0.6341,77,0.2683,112,44,2.5455,139,0.4843,1.5149,test,1
MAZE_01791,11790,25,25,625,287,338,0.5408,14,0.0488,14,0.0488,188,0.6551,69,0.2404,188,44,4.2727,281,0.9791,2.6259,train,2
MAZE_01792,11791,25,25,625,287,338,0.5408,14,0.0488,13,0.0453,182,0.6341,76,0.2648,96,44,2.1818,125,0.4355,1.3087,test,1
MAZE_01793,11792,25,25,625,287,338,0.5408,14,0.0488,13,0.0453,185,0.6446,73,0.2544,172,44,3.9091,255,0.8885,2.3988,train,2
MAZE_01794,11793,25,25,625,287,338,0.5408,16,0.0557,16,0.0557,190,0.662,63,0.2195,100,44,2.2727,159,0.554,1.4133,train,1
MAZE_01795,11794,25,25,625,287,338,0.5408,18,0.0627,18,0.0627,188,0.6551,61,0.2125,132,44,3,287,1,2,train,2
MAZE_01796,11795,25,25,625,287,338,0.5408,15,0.0523,15,0.0523,191,0.6655,64,0.223,100,44,2.2727,165,0.5749,1.4238,train,1
MAZE_01797,11796,25,25,625,287,338,0.5408,15,0.0523,14,0.0488,187,0.6516,70,0.2439,68,44,1.5455,75,0.2613,0.9034,train,0
MAZE_01798,11797,25,25,625,287,338,0.5408,15,0.0523,14,0.0488,188,0.6551,69,0.2404,92,44,2.0909,113,0.3937,1.2423,train,1
MAZE_01799,11798,25,25,625,287,338,0.5408,15,0.0523,14,0.0488,192,0.669,65,0.2265,168,44,3.8182,255,0.8885,2.3533,train,2
MAZE_01800,11799,25,25,625,287,338,0.5408,12,0.0418,11,0.0383,198,0.6899,65,0.2265,112,44,2.5455,131,0.4564,1.501,test,1
MAZE_01801,11800,25,25,625,287,338,0.5408,19,0.0662,18,0.0627,179,0.6237,70,0.2439,120,44,2.7273,209,0.7282,1.7277,train,1
MAZE_01802,11801,25,25,625,287,338,0.5408,16,0.0557,15,0.0523,190,0.662,65,0.2265,196,44,4.4545,281,0.9791,2.7168,train,2
MAZE_01803,11802,25,25,625,287,338,0.5408,18,0.0627,17,0.0592,195,0.6794,56,0.1951,132,44,3,255,0.8885,1.9443,test,2
MAZE_01804,11803,25,25,625,287,338,0.5408,19,0.0662,18,0.0627,184,0.6411,65,0.2265,160,44,3.6364,245,0.8537,2.245,test,2
MAZE_01805,11804,25,25,625,287,338,0.5408,16,0.0557,15,0.0523,189,0.6585,66,0.23,168,44,3.8182,237,0.8258,2.322,test,2
MAZE_01806,11805,25,25,625,287,338,0.5408,16,0.0557,14,0.0488,191,0.6655,65,0.2265,176,44,4,249,0.8676,2.4338,test,2
MAZE_01807,11806,25,25,625,287,338,0.5408,17,0.0592,16,0.0557,193,0.6725,60,0.2091,88,44,2,113,0.3937,1.1968,test,0
MAZE_01808,11807,25,25,625,287,338,0.5408,13,0.0453,13,0.0453,191,0.6655,68,0.2369,224,44,5.0909,287,1,3.0455,train,2
MAZE_01809,11808,25,25,625,287,338,0.5408,17,0.0592,16,0.0557,183,0.6376,70,0.2439,140,44,3.1818,239,0.8328,2.0073,train,2
MAZE_01810,11809,25,25,625,287,338,0.5408,13,0.0453,12,0.0418,195,0.6794,66,0.23,140,44,3.1818,173,0.6028,1.8923,train,2
MAZE_01811,11810,25,25,625,287,338,0.5408,18,0.0627,17,0.0592,191,0.6655,60,0.2091,108,44,2.4545,119,0.4146,1.4345,train,1
MAZE_01812,11811,25,25,625,287,338,0.5408,16,0.0557,15,0.0523,196,0.6829,58,0.2021,96,44,2.1818,109,0.3798,1.2808,train,1
MAZE_01813,11812,25,25,625,287,338,0.5408,14,0.0488,13,0.0453,194,0.676,64,0.223,156,44,3.5455,269,0.9373,2.2414,train,2
MAZE_01814,11813,25,25,625,287,338,0.5408,17,0.0592,16,0.0557,191,0.6655,62,0.216,80,44,1.8182,97,0.338,1.0781,train,0
MAZE_01815,11814,25,25,625,287,338,0.5408,16,0.0557,16,0.0557,185,0.6446,68,0.2369,108,44,2.4545,155,0.5401,1.4973,train,1
MAZE_01816,11815,25,25,625,287,338,0.5408,12,0.0418,11,0.0383,193,0.6725,70,0.2439,104,44,2.3636,121,0.4216,1.3926,train,1
MAZE_01817,11816,25,25,625,287,338,0.5408,11,0.0383,11,0.0383,192,0.669,71,0.2474,124,44,2.8182,227,0.7909,1.8046,train,2
MAZE_01818,11817,25,25,625,287,338,0.5408,17,0.0592,17,0.0592,197,0.6864,54,0.1882,124,44,2.8182,217,0.7561,1.7872,train,2
MAZE_01819,11818,25,25,625,287,338,0.5408,13,0.0453,13,0.0453,189,0.6585,70,0.2439,164,44,3.7273,287,1,2.3636,train,2
MAZE_01820,11819,25,25,625,287,338,0.5408,18,0.0627,17,0.0592,182,0.6341,69,0.2404,132,44,3,221,0.77,1.885,test,2
MAZE_01821,11820,25,25,625,287,338,0.5408,16,0.0557,15,0.0523,188,0.6551,67,0.2334,144,44,3.2727,243,0.8467,2.0597,train,2
MAZE_01822,11821,25,25,625,287,338,0.5408,18,0.0627,17,0.0592,187,0.6516,64,0.223,124,44,2.8182,183,0.6376,1.7279,train,1
MAZE_01823,11822,25,25,625,287,338,0.5408,14,0.0488,13,0.0453,193,0.6725,66,0.23,108,44,2.4545,127,0.4425,1.4485,train,1
MAZE_01824,11823,25,25,625,287,338,0.5408,16,0.0557,16,0.0557,190,0.662,63,0.2195,172,44,3.9091,269,0.9373,2.4232,train,2
MAZE_01825,11824,25,25,625,287,338,0.5408,14,0.0488,13,0.0453,194,0.676,65,0.2265,112,44,2.5455,125,0.4355,1.4905,test,1
MAZE_01826,11825,25,25,625,287,338,0.5408,17,0.0592,16,0.0557,179,0.6237,74,0.2578,196,44,4.4545,257,0.8955,2.675,test,2
MAZE_01827,11826,25,25,625,287,338,0.5408,12,0.0418,11,0.0383,192,0.669,71,0.2474,68,44,1.5455,79,0.2753,0.9104,test,0
MAZE_01828,11827,25,25,625,287,338,0.5408,16,0.0557,14,0.0488,185,0.6446,71,0.2474,112,44,2.5455,159,0.554,1.5497,train,1
MAZE_01829,11828,25,25,625,287,338,0.5408,18,0.0627,17,0.0592,187,0.6516,64,0.223,104,44,2.3636,123,0.4286,1.3961,train,1
MAZE_01830,11829,25,25,625,287,338,0.5408,10,0.0348,9,0.0314,194,0.676,73,0.2544,204,44,4.6364,281,0.9791,2.8077,test,2
MAZE_01831,11830,25,25,625,287,338,0.5408,12,0.0418,11,0.0383,186,0.6481,77,0.2683,100,44,2.2727,117,0.4077,1.3402,train,1
MAZE_01832,11831,25,25,625,287,338,0.5408,17,0.0592,16,0.0557,193,0.6725,60,0.2091,144,44,3.2727,273,0.9512,2.112,train,2
MAZE_01833,11832,25,25,625,287,338,0.5408,22,0.0767,20,0.0697,179,0.6237,65,0.2265,108,44,2.4545,181,0.6307,1.5426,train,1
MAZE_01834,11833,25,25,625,287,338,0.5408,16,0.0557,16,0.0557,186,0.6481,67,0.2334,164,44,3.7273,287,1,2.3636,train,2
MAZE_01835,11834,25,25,625,287,338,0.5408,16,0.0557,15,0.0523,183,0.6376,72,0.2509,144,44,3.2727,223,0.777,2.0248,test,2
MAZE_01836,11835,25,25,625,287,338,0.5408,14,0.0488,13,0.0453,198,0.6899,61,0.2125,156,44,3.5455,281,0.9791,2.2623,train,2
MAZE_01837,11836,25,25,625,287,338,0.5408,17,0.0592,15,0.0523,190,0.662,64,0.223,84,44,1.9091,117,0.4077,1.1584,train,0
MAZE_01838,11837,25,25,625,287,338,0.5408,14,0.0488,13,0.0453,193,0.6725,66,0.23,180,44,4.0909,259,0.9024,2.4967,train,2
MAZE_01839,11838,25,25,625,287,338,0.5408,13,0.0453,12,0.0418,189,0.6585,72,0.2509,120,44,2.7273,167,0.5819,1.6546,train,1
MAZE_01840,11839,25,25,625,287,338,0.5408,12,0.0418,11,0.0383,200,0.6969,63,0.2195,140,44,3.1818,169,0.5889,1.8853,test,2
MAZE_01841,11840,25,25,625,287,338,0.5408,18,0.0627,18,0.0627,192,0.669,57,0.1986,120,44,2.7273,233,0.8118,1.7695,train,2
MAZE_01842,11841,25,25,625,287,338,0.5408,17,0.0592,16,0.0557,191,0.6655,62,0.216,144,44,3.2727,199,0.6934,1.983,train,2
MAZE_01843,11842,25,25,625,287,338,0.5408,14,0.0488,13,0.0453,197,0.6864,62,0.216,108,44,2.4545,127,0.4425,1.4485,train,1
MAZE_01844,11843,25,25,625,287,338,0.5408,17,0.0592,16,0.0557,186,0.6481,67,0.2334,92,44,2.0909,131,0.4564,1.2736,train,1
MAZE_01845,11844,25,25,625,287,338,0.5408,16,0.0557,16,0.0557,185,0.6446,68,0.2369,116,44,2.6364,173,0.6028,1.6196,train,1
MAZE_01846,11845,25,25,625,287,338,0.5408,16,0.0557,14,0.0488,186,0.6481,70,0.2439,164,44,3.7273,211,0.7352,2.2313,train,2
MAZE_01847,11846,25,25,625,287,338,0.5408,11,0.0383,10,0.0348,195,0.6794,70,0.2439,56,44,1.2727,61,0.2125,0.7426,test,0
MAZE_01848,11847,25,25,625,287,338,0.5408,10,0.0348,9,0.0314,197,0.6864,70,0.2439,168,44,3.8182,187,0.6516,2.2349,train,2
MAZE_01849,11848,25,25,625,287,338,0.5408,12,0.0418,12,0.0418,196,0.6829,65,0.2265,152,44,3.4545,209,0.7282,2.0913,train,2
MAZE_01850,11849,25,25,625,287,338,0.5408,16,0.0557,14,0.0488,181,0.6307,75,0.2613,176,44,4,231,0.8049,2.4024,train,2
MAZE_01851,11850,25,25,625,287,338,0.5408,18,0.0627,17,0.0592,178,0.6202,73,0.2544,192,44,4.3636,283,0.9861,2.6749,test,2
MAZE_01852,11851,25,25,625,287,338,0.5408,18,0.0627,18,0.0627,181,0.6307,68,0.2369,172,44,3.9091,287,1,2.4546,train,2
MAZE_01853,11852,25,25,625,287,338,0.5408,16,0.0557,16,0.0557,182,0.6341,71,0.2474,88,44,2,119,0.4146,1.2073,train,0
MAZE_01854,11853,25,25,625,287,338,0.5408,13,0.0453,12,0.0418,187,0.6516,74,0.2578,64,44,1.4545,77,0.2683,0.8614,train,0
MAZE_01855,11854,25,25,625,287,338,0.5408,16,0.0557,16,0.0557,194,0.676,59,0.2056,104,44,2.3636,133,0.4634,1.4135,train,1
MAZE_01856,11855,25,25,625,287,338,0.5408,21,0.0732,20,0.0697,180,0.6272,65,0.2265,144,44,3.2727,185,0.6446,1.9587,train,2
MAZE_01857,11856,25,25,625,287,338,0.5408,15,0.0523,14,0.0488,184,0.6411,73,0.2544,44,44,1,49,0.1707,0.5854,train,0
MAZE_01858,11857,25,25,625,287,338,0.5408,11,0.0383,11,0.0383,194,0.676,69,0.2404,100,44,2.2727,127,0.4425,1.3576,train,1
MAZE_01859,11858,25,25,625,287,338,0.5408,20,0.0697,17,0.0592,187,0.6516,62,0.216,124,44,2.8182,153,0.5331,1.6757,train,1
MAZE_01860,11859,25,25,625,287,338,0.5408,16,0.0557,16,0.0557,196,0.6829,57,0.1986,180,44,4.0909,287,1,2.5455,train,2
MAZE_01861,11860,25,25,625,287,338,0.5408,20,0.0697,19,0.0662,184,0.6411,63,0.2195,92,44,2.0909,109,0.3798,1.2353,train,1
MAZE_01862,11861,25,25,625,287,338,0.5408,15,0.0523,14,0.0488,192,0.669,65,0.2265,88,44,2,177,0.6167,1.3083,train,1
MAZE_01863,11862,25,25,625,287,338,0.5408,17,0.0592,17,0.0592,199,0.6934,52,0.1812,172,44,3.9091,223,0.777,2.343,train,2
MAZE_01864,11863,25,25,625,287,338,0.5408,10,0.0348,9,0.0314,193,0.6725,74,0.2578,168,44,3.8182,259,0.9024,2.3603,train,2
MAZE_01865,11864,25,25,625,287,338,0.5408,17,0.0592,16,0.0557,189,0.6585,64,0.223,104,44,2.3636,127,0.4425,1.403,train,1
MAZE_01866,11865,25,25,625,287,338,0.5408,14,0.0488,14,0.0488,195,0.6794,62,0.216,120,44,2.7273,217,0.7561,1.7417,train,2
MAZE_01867,11866,25,25,625,287,338,0.5408,11,0.0383,11,0.0383,180,0.6272,83,0.2892,116,44,2.6364,183,0.6376,1.637,train,1
MAZE_01868,11867,25,25,625,287,338,0.5408,12,0.0418,11,0.0383,192,0.669,71,0.2474,132,44,3,241,0.8397,1.9199,train,2
MAZE_01869,11868,25,25,625,287,338,0.5408,14,0.0488,14,0.0488,185,0.6446,72,0.2509,104,44,2.3636,177,0.6167,1.4901,train,1
MAZE_01870,11869,25,25,625,287,338,0.5408,14,0.0488,13,0.0453,190,0.662,69,0.2404,136,44,3.0909,173,0.6028,1.8468,train,2
MAZE_01871,11870,25,25,625,287,338,0.5408,12,0.0418,11,0.0383,195,0.6794,68,0.2369,136,44,3.0909,271,0.9443,2.0176,train,2
MAZE_01872,11871,25,25,625,287,338,0.5408,13,0.0453,12,0.0418,185,0.6446,76,0.2648,144,44,3.2727,171,0.5958,1.9343,train,2
MAZE_01873,11872,25,25,625,287,338,0.5408,15,0.0523,14,0.0488,186,0.6481,71,0.2474,132,44,3,193,0.6725,1.8362,train,2
MAZE_01874,11873,25,25,625,287,338,0.5408,14,0.0488,13,0.0453,178,0.6202,81,0.2822,152,44,3.4545,227,0.7909,2.1227,train,2
MAZE_01875,11874,25,25,625,287,338,0.5408,15,0.0523,14,0.0488,180,0.6272,77,0.2683,156,44,3.5455,181,0.6307,2.0881,test,2
MAZE_01876,11875,25,25,625,287,338,0.5408,11,0.0383,11,0.0383,198,0.6899,65,0.2265,180,44,4.0909,287,1,2.5455,train,2
MAZE_01877,11876,25,25,625,287,338,0.5408,16,0.0557,16,0.0557,191,0.6655,62,0.216,68,44,1.5455,101,0.3519,0.9487,test,0
MAZE_01878,11877,25,25,625,287,338,0.5408,16,0.0557,15,0.0523,187,0.6516,68,0.2369,68,44,1.5455,81,0.2822,0.9139,test,0
MAZE_01879,11878,25,25,625,287,338,0.5408,15,0.0523,14,0.0488,185,0.6446,72,0.2509,128,44,2.9091,167,0.5819,1.7455,train,2
MAZE_01880,11879,25,25,625,287,338,0.5408,13,0.0453,12,0.0418,197,0.6864,64,0.223,184,44,4.1818,209,0.7282,2.455,train,2
MAZE_01881,11880,25,25,625,287,338,0.5408,16,0.0557,15,0.0523,188,0.6551,67,0.2334,176,44,4,257,0.8955,2.4478,test,2
MAZE_01882,11881,25,25,625,287,338,0.5408,12,0.0418,11,0.0383,191,0.6655,72,0.2509,72,44,1.6364,129,0.4495,1.043,train,0
MAZE_01883,11882,25,25,625,287,338,0.5408,15,0.0523,15,0.0523,194,0.676,61,0.2125,104,44,2.3636,145,0.5052,1.4344,train,1
MAZE_01884,11883,25,25,625,287,338,0.5408,11,0.0383,10,0.0348,189,0.6585,76,0.2648,164,44,3.7273,245,0.8537,2.2905,train,2
MAZE_01885,11884,25,25,625,287,338,0.5408,15,0.0523,14,0.0488,194,0.676,63,0.2195,80,44,1.8182,125,0.4355,1.1269,train,0
MAZE_01886,11885,25,25,625,287,338,0.5408,14,0.0488,13,0.0453,194,0.676,65,0.2265,152,44,3.4545,247,0.8606,2.1576,train,2
MAZE_01887,11886,25,25,625,287,338,0.5408,16,0.0557,15,0.0523,196,0.6829,59,0.2056,76,44,1.7273,113,0.3937,1.0605,train,0
MAZE_01888,11887,25,25,625,287,338,0.5408,16,0.0557,15,0.0523,189,0.6585,66,0.23,112,44,2.5455,141,0.4913,1.5184,test,1
MAZE_01889,11888,25,25,625,287,338,0.5408,17,0.0592,15,0.0523,184,0.6411,70,0.2439,140,44,3.1818,223,0.777,1.9794,train,2
MAZE_01890,11889,25,25,625,287,338,0.5408,14,0.0488,13,0.0453,197,0.6864,62,0.216,164,44,3.7273,243,0.8467,2.287,train,2
MAZE_01891,11890,25,25,625,287,338,0.5408,16,0.0557,16,0.0557,188,0.6551,65,0.2265,216,44,4.9091,287,1,2.9545,test,2
MAZE_01892,11891,25,25,625,287,338,0.5408,18,0.0627,18,0.0627,188,0.6551,61,0.2125,84,44,1.9091,107,0.3728,1.141,train,0
MAZE_01893,11892,25,25,625,287,338,0.5408,11,0.0383,11,0.0383,196,0.6829,67,0.2334,120,44,2.7273,137,0.4774,1.6023,test,1
MAZE_01894,11893,25,25,625,287,338,0.5408,14,0.0488,13,0.0453,195,0.6794,64,0.223,88,44,2,107,0.3728,1.1864,train,0
MAZE_01895,11894,25,25,625,287,338,0.5408,16,0.0557,15,0.0523,184,0.6411,71,0.2474,200,44,4.5455,277,0.9652,2.7553,train,2
MAZE_01896,11895,25,25,625,287,338,0.5408,18,0.0627,17,0.0592,189,0.6585,62,0.216,64,44,1.4545,93,0.324,0.8892,train,0
MAZE_01897,11896,25,25,625,287,338,0.5408,17,0.0592,15,0.0523,180,0.6272,74,0.2578,212,44,4.8182,281,0.9791,2.8986,train,2
MAZE_01898,11897,25,25,625,287,338,0.5408,16,0.0557,15,0.0523,191,0.6655,64,0.223,92,44,2.0909,129,0.4495,1.2702,test,1
MAZE_01899,11898,25,25,625,287,338,0.5408,15,0.0523,14,0.0488,187,0.6516,70,0.2439,88,44,2,103,0.3589,1.1795,test,0
MAZE_01900,11899,25,25,625,287,338,0.5408,11,0.0383,11,0.0383,187,0.6516,76,0.2648,132,44,3,163,0.5679,1.7839,train,2
MAZE_01901,11900,25,25,625,287,338,0.5408,13,0.0453,12,0.0418,187,0.6516,74,0.2578,176,44,4,281,0.9791,2.4895,test,2
MAZE_01902,11901,25,25,625,287,338,0.5408,15,0.0523,14,0.0488,194,0.676,63,0.2195,204,44,4.6364,281,0.9791,2.8077,train,2
MAZE_01903,11902,25,25,625,287,338,0.5408,14,0.0488,13,0.0453,199,0.6934,60,0.2091,180,44,4.0909,275,0.9582,2.5246,train,2
MAZE_01904,11903,25,25,625,287,338,0.5408,14,0.0488,13,0.0453,192,0.669,67,0.2334,124,44,2.8182,225,0.784,1.8011,train,2
MAZE_01905,11904,25,25,625,287,338,0.5408,9,0.0314,8,0.0279,202,0.7038,67,0.2334,228,44,5.1818,275,0.9582,3.07,train,2
MAZE_01906,11905,25,25,625,287,338,0.5408,16,0.0557,15,0.0523,188,0.6551,67,0.2334,160,44,3.6364,231,0.8049,2.2207,train,2
MAZE_01907,11906,25,25,625,287,338,0.5408,14,0.0488,13,0.0453,198,0.6899,61,0.2125,156,44,3.5455,213,0.7422,2.1439,train,2
MAZE_01908,11907,25,25,625,287,338,0.5408,15,0.0523,14,0.0488,190,0.662,67,0.2334,168,44,3.8182,245,0.8537,2.3359,test,2
MAZE_01909,11908,25,25,625,287,338,0.5408,13,0.0453,12,0.0418,187,0.6516,74,0.2578,96,44,2.1818,127,0.4425,1.3121,train,1
MAZE_01910,11909,25,25,625,287,338,0.5408,13,0.0453,12,0.0418,194,0.676,67,0.2334,120,44,2.7273,169,0.5889,1.6581,train,1
MAZE_01911,11910,25,25,625,287,338,0.5408,17,0.0592,15,0.0523,195,0.6794,59,0.2056,88,44,2,115,0.4007,1.2004,test,0
MAZE_01912,11911,25,25,625,287,338,0.5408,19,0.0662,17,0.0592,186,0.6481,64,0.223,116,44,2.6364,141,0.4913,1.5638,train,1
MAZE_01913,11912,25,25,625,287,338,0.5408,17,0.0592,16,0.0557,187,0.6516,66,0.23,116,44,2.6364,147,0.5122,1.5743,train,1
MAZE_01914,11913,25,25,625,287,338,0.5408,15,0.0523,14,0.0488,190,0.662,67,0.2334,96,44,2.1818,149,0.5192,1.3505,train,1
MAZE_01915,11914,25,25,625,287,338,0.5408,15,0.0523,15,0.0523,185,0.6446,70,0.2439,112,44,2.5455,139,0.4843,1.5149,train,1
MAZE_01916,11915,25,25,625,287,338,0.5408,18,0.0627,17,0.0592,187,0.6516,64,0.223,208,44,4.7273,285,0.993,2.8601,train,2
MAZE_01917,11916,25,25,625,287,338,0.5408,16,0.0557,14,0.0488,184,0.6411,72,0.2509,84,44,1.9091,99,0.3449,1.127,test,0
MAZE_01918,11917,25,25,625,287,338,0.5408,15,0.0523,15,0.0523,186,0.6481,69,0.2404,128,44,2.9091,215,0.7491,1.8291,test,2
MAZE_01919,11918,25,25,625,287,338,0.5408,15,0.0523,14,0.0488,200,0.6969,57,0.1986,108,44,2.4545,151,0.5261,1.4903,train,1
MAZE_01920,11919,25,25,625,287,338,0.5408,16,0.0557,16,0.0557,185,0.6446,68,0.2369,76,44,1.7273,133,0.4634,1.0954,train,0
MAZE_01921,11920,25,25,625,287,338,0.5408,19,0.0662,18,0.0627,184,0.6411,64,0.223,124,44,2.8182,163,0.5679,1.693,train,1
MAZE_01922,11921,25,25,625,287,338,0.5408,12,0.0418,11,0.0383,201,0.7003,61,0.2125,128,44,2.9091,171,0.5958,1.7525,train,2
MAZE_01923,11922,25,25,625,287,338,0.5408,15,0.0523,15,0.0523,190,0.662,65,0.2265,96,44,2.1818,195,0.6794,1.4306,train,1
MAZE_01924,11923,25,25,625,287,338,0.5408,13,0.0453,13,0.0453,197,0.6864,62,0.216,160,44,3.6364,285,0.993,2.3147,train,2
MAZE_01925,11924,25,25,625,287,338,0.5408,19,0.0662,18,0.0627,174,0.6063,74,0.2578,184,44,4.1818,239,0.8328,2.5073,train,2
MAZE_01926,11925,25,25,625,287,338,0.5408,12,0.0418,12,0.0418,190,0.662,71,0.2474,124,44,2.8182,159,0.554,1.6861,train,1
MAZE_01927,11926,25,25,625,287,338,0.5408,16,0.0557,16,0.0557,194,0.676,59,0.2056,84,44,1.9091,109,0.3798,1.1444,train,0
MAZE_01928,11927,25,25,625,287,338,0.5408,14,0.0488,14,0.0488,190,0.662,67,0.2334,168,44,3.8182,265,0.9233,2.3708,train,2
MAZE_01929,11928,25,25,625,287,338,0.5408,13,0.0453,12,0.0418,195,0.6794,66,0.23,196,44,4.4545,281,0.9791,2.7168,test,2
MAZE_01930,11929,25,25,625,287,338,0.5408,11,0.0383,11,0.0383,197,0.6864,66,0.23,152,44,3.4545,257,0.8955,2.175,train,2
MAZE_01931,11930,25,25,625,287,338,0.5408,18,0.0627,16,0.0557,184,0.6411,68,0.2369,96,44,2.1818,131,0.4564,1.3191,train,1
MAZE_01932,11931,25,25,625,287,338,0.5408,11,0.0383,10,0.0348,196,0.6829,69,0.2404,108,44,2.4545,155,0.5401,1.4973,train,1
MAZE_01933,11932,25,25,625,287,338,0.5408,13,0.0453,12,0.0418,191,0.6655,70,0.2439,108,44,2.4545,117,0.4077,1.4311,train,1
MAZE_01934,11933,25,25,625,287,338,0.5408,15,0.0523,14,0.0488,193,0.6725,64,0.223,116,44,2.6364,157,0.547,1.5917,train,1
MAZE_01935,11934,25,25,625,287,338,0.5408,13,0.0453,13,0.0453,201,0.7003,58,0.2021,84,44,1.9091,121,0.4216,1.1654,train,0
MAZE_01936,11935,25,25,625,287,338,0.5408,13,0.0453,13,0.0453,190,0.662,69,0.2404,68,44,1.5455,93,0.324,0.9348,train,0
MAZE_01937,11936,25,25,625,287,338,0.5408,14,0.0488,13,0.0453,193,0.6725,66,0.23,132,44,3,201,0.7003,1.8501,test,2
MAZE_01938,11937,25,25,625,287,338,0.5408,13,0.0453,13,0.0453,190,0.662,69,0.2404,132,44,3,195,0.6794,1.8397,test,2
MAZE_01939,11938,25,25,625,287,338,0.5408,16,0.0557,15,0.0523,189,0.6585,65,0.2265,132,44,3,285,0.993,1.9965,train,2
MAZE_01940,11939,25,25,625,287,338,0.5408,12,0.0418,12,0.0418,187,0.6516,74,0.2578,188,44,4.2727,269,0.9373,2.605,train,2
MAZE_01941,11940,25,25,625,287,338,0.5408,15,0.0523,15,0.0523,190,0.662,65,0.2265,196,44,4.4545,263,0.9164,2.6855,test,2
MAZE_01942,11941,25,25,625,287,338,0.5408,13,0.0453,12,0.0418,196,0.6829,65,0.2265,76,44,1.7273,99,0.3449,1.0361,train,0
MAZE_01943,11942,25,25,625,287,338,0.5408,17,0.0592,16,0.0557,193,0.6725,60,0.2091,88,44,2,119,0.4146,1.2073,train,0
MAZE_01944,11943,25,25,625,287,338,0.5408,16,0.0557,15,0.0523,188,0.6551,67,0.2334,84,44,1.9091,133,0.4634,1.1863,train,0
MAZE_01945,11944,25,25,625,287,338,0.5408,14,0.0488,13,0.0453,191,0.6655,68,0.2369,88,44,2,121,0.4216,1.2108,train,0
MAZE_01946,11945,25,25,625,287,338,0.5408,16,0.0557,15,0.0523,188,0.6551,66,0.23,132,44,3,201,0.7003,1.8501,train,2
MAZE_01947,11946,25,25,625,287,338,0.5408,14,0.0488,14,0.0488,196,0.6829,61,0.2125,132,44,3,205,0.7143,1.8572,train,2
MAZE_01948,11947,25,25,625,287,338,0.5408,16,0.0557,16,0.0557,185,0.6446,68,0.2369,160,44,3.6364,211,0.7352,2.1858,train,2
MAZE_01949,11948,25,25,625,287,338,0.5408,18,0.0627,17,0.0592,188,0.6551,63,0.2195,88,44,2,125,0.4355,1.2178,train,0
MAZE_01950,11949,25,25,625,287,338,0.5408,13,0.0453,12,0.0418,195,0.6794,66,0.23,112,44,2.5455,147,0.5122,1.5289,train,1
MAZE_01951,11950,25,25,625,287,338,0.5408,17,0.0592,16,0.0557,191,0.6655,62,0.216,140,44,3.1818,185,0.6446,1.9132,test,2
MAZE_01952,11951,25,25,625,287,338,0.5408,10,0.0348,9,0.0314,198,0.6899,69,0.2404,172,44,3.9091,227,0.7909,2.35,train,2
MAZE_01953,11952,25,25,625,287,338,0.5408,14,0.0488,14,0.0488,187,0.6516,70,0.2439,104,44,2.3636,139,0.4843,1.424,train,1
MAZE_01954,11953,25,25,625,287,338,0.5408,19,0.0662,18,0.0627,187,0.6516,62,0.216,100,44,2.2727,137,0.4774,1.375,train,1
MAZE_01955,11954,25,25,625,287,338,0.5408,14,0.0488,14,0.0488,182,0.6341,75,0.2613,196,44,4.4545,287,1,2.7273,test,2
MAZE_01956,11955,25,25,625,287,338,0.5408,13,0.0453,12,0.0418,191,0.6655,70,0.2439,164,44,3.7273,239,0.8328,2.2801,train,2
MAZE_01957,11956,25,25,625,287,338,0.5408,9,0.0314,9,0.0314,193,0.6725,74,0.2578,160,44,3.6364,201,0.7003,2.1684,train,2
MAZE_01958,11957,25,25,625,287,338,0.5408,17,0.0592,17,0.0592,188,0.6551,63,0.2195,124,44,2.8182,241,0.8397,1.829,train,2
MAZE_01959,11958,25,25,625,287,338,0.5408,16,0.0557,15,0.0523,180,0.6272,75,0.2613,96,44,2.1818,119,0.4146,1.2982,train,1
MAZE_01960,11959,25,25,625,287,338,0.5408,14,0.0488,13,0.0453,195,0.6794,64,0.223,112,44,2.5455,125,0.4355,1.4905,test,1
MAZE_01961,11960,25,25,625,287,338,0.5408,13,0.0453,13,0.0453,187,0.6516,72,0.2509,192,44,4.3636,287,1,2.6818,train,2
MAZE_01962,11961,25,25,625,287,338,0.5408,16,0.0557,15,0.0523,183,0.6376,72,0.2509,144,44,3.2727,251,0.8746,2.0736,train,2
MAZE_01963,11962,25,25,625,287,338,0.5408,13,0.0453,13,0.0453,181,0.6307,78,0.2718,184,44,4.1818,285,0.993,2.5874,train,2
MAZE_01964,11963,25,25,625,287,338,0.5408,14,0.0488,12,0.0418,196,0.6829,64,0.223,104,44,2.3636,123,0.4286,1.3961,train,1
MAZE_01965,11964,25,25,625,287,338,0.5408,13,0.0453,11,0.0383,191,0.6655,71,0.2474,160,44,3.6364,239,0.8328,2.2346,train,2
MAZE_01966,11965,25,25,625,287,338,0.5408,16,0.0557,15,0.0523,192,0.669,63,0.2195,104,44,2.3636,123,0.4286,1.3961,test,1
MAZE_01967,11966,25,25,625,287,338,0.5408,16,0.0557,15,0.0523,187,0.6516,68,0.2369,200,44,4.5455,283,0.9861,2.7658,train,2
MAZE_01968,11967,25,25,625,287,338,0.5408,14,0.0488,14,0.0488,191,0.6655,66,0.23,176,44,4,275,0.9582,2.4791,train,2
MAZE_01969,11968,25,25,625,287,338,0.5408,16,0.0557,15,0.0523,198,0.6899,57,0.1986,128,44,2.9091,195,0.6794,1.7942,train,2
MAZE_01970,11969,25,25,625,287,338,0.5408,12,0.0418,11,0.0383,194,0.676,69,0.2404,76,44,1.7273,97,0.338,1.0327,train,0
MAZE_01971,11970,25,25,625,287,338,0.5408,16,0.0557,15,0.0523,180,0.6272,75,0.2613,100,44,2.2727,171,0.5958,1.4343,test,1
MAZE_01972,11971,25,25,625,287,338,0.5408,13,0.0453,12,0.0418,202,0.7038,59,0.2056,128,44,2.9091,141,0.4913,1.7002,train,1
MAZE_01973,11972,25,25,625,287,338,0.5408,13,0.0453,13,0.0453,193,0.6725,66,0.23,172,44,3.9091,277,0.9652,2.4371,train,2
MAZE_01974,11973,25,25,625,287,338,0.5408,12,0.0418,11,0.0383,200,0.6969,63,0.2195,140,44,3.1818,171,0.5958,1.8888,train,2
MAZE_01975,11974,25,25,625,287,338,0.5408,12,0.0418,11,0.0383,192,0.669,71,0.2474,128,44,2.9091,171,0.5958,1.7525,train,2
MAZE_01976,11975,25,25,625,287,338,0.5408,13,0.0453,12,0.0418,189,0.6585,72,0.2509,156,44,3.5455,209,0.7282,2.1368,train,2
MAZE_01977,11976,25,25,625,287,338,0.5408,16,0.0557,15,0.0523,188,0.6551,67,0.2334,160,44,3.6364,241,0.8397,2.238,train,2
MAZE_01978,11977,25,25,625,287,338,0.5408,15,0.0523,14,0.0488,185,0.6446,72,0.2509,148,44,3.3636,217,0.7561,2.0598,train,2
MAZE_01979,11978,25,25,625,287,338,0.5408,12,0.0418,11,0.0383,189,0.6585,74,0.2578,152,44,3.4545,229,0.7979,2.1262,train,2
MAZE_01980,11979,25,25,625,287,338,0.5408,15,0.0523,15,0.0523,189,0.6585,66,0.23,116,44,2.6364,157,0.547,1.5917,train,1
MAZE_01981,11980,25,25,625,287,338,0.5408,16,0.0557,15,0.0523,192,0.669,63,0.2195,160,44,3.6364,251,0.8746,2.2555,train,2
MAZE_01982,11981,25,25,625,287,338,0.5408,12,0.0418,11,0.0383,189,0.6585,74,0.2578,156,44,3.5455,235,0.8188,2.1822,train,2
MAZE_01983,11982,25,25,625,287,338,0.5408,14,0.0488,13,0.0453,187,0.6516,72,0.2509,124,44,2.8182,167,0.5819,1.7001,train,1
MAZE_01984,11983,25,25,625,287,338,0.5408,14,0.0488,14,0.0488,190,0.662,67,0.2334,172,44,3.9091,285,0.993,2.451,train,2
MAZE_01985,11984,25,25,625,287,338,0.5408,18,0.0627,18,0.0627,185,0.6446,64,0.223,108,44,2.4545,137,0.4774,1.4659,train,1
MAZE_01986,11985,25,25,625,287,338,0.5408,13,0.0453,12,0.0418,189,0.6585,72,0.2509,108,44,2.4545,127,0.4425,1.4485,test,1
MAZE_01987,11986,25,25,625,287,338,0.5408,18,0.0627,17,0.0592,175,0.6098,76,0.2648,96,44,2.1818,145,0.5052,1.3435,train,1
MAZE_01988,11987,25,25,625,287,338,0.5408,15,0.0523,14,0.0488,187,0.6516,70,0.2439,120,44,2.7273,169,0.5889,1.6581,test,1
MAZE_01989,11988,25,25,625,287,338,0.5408,14,0.0488,12,0.0418,185,0.6446,75,0.2613,128,44,2.9091,221,0.77,1.8396,train,2
MAZE_01990,11989,25,25,625,287,338,0.5408,12,0.0418,12,0.0418,185,0.6446,76,0.2648,88,44,2,95,0.331,1.1655,train,0
MAZE_01991,11990,25,25,625,287,338,0.5408,12,0.0418,11,0.0383,184,0.6411,79,0.2753,140,44,3.1818,209,0.7282,1.955,test,2
MAZE_01992,11991,25,25,625,287,338,0.5408,16,0.0557,15,0.0523,185,0.6446,70,0.2439,108,44,2.4545,145,0.5052,1.4798,train,1
MAZE_01993,11992,25,25,625,287,338,0.5408,14,0.0488,14,0.0488,199,0.6934,58,0.2021,172,44,3.9091,245,0.8537,2.3814,train,2
MAZE_01994,11993,25,25,625,287,338,0.5408,12,0.0418,12,0.0418,189,0.6585,72,0.2509,160,44,3.6364,237,0.8258,2.2311,test,2
MAZE_01995,11994,25,25,625,287,338,0.5408,13,0.0453,13,0.0453,194,0.676,65,0.2265,204,44,4.6364,287,1,2.8182,train,2
MAZE_01996,11995,25,25,625,287,338,0.5408,14,0.0488,13,0.0453,198,0.6899,61,0.2125,180,44,4.0909,273,0.9512,2.5211,train,2
MAZE_01997,11996,25,25,625,287,338,0.5408,15,0.0523,14,0.0488,193,0.6725,64,0.223,148,44,3.3636,215,0.7491,2.0564,train,2
MAZE_01998,11997,25,25,625,287,338,0.5408,16,0.0557,15,0.0523,189,0.6585,66,0.23,116,44,2.6364,141,0.4913,1.5638,test,1
MAZE_01999,11998,25,25,625,287,338,0.5408,13,0.0453,12,0.0418,200,0.6969,61,0.2125,84,44,1.9091,109,0.3798,1.1444,test,0
MAZE_02000,11999,25,25,625,287,338,0.5408,18,0.0627,17,0.0592,182,0.6341,69,0.2404,72,44,1.6364,111,0.3868,1.0116,train,0